,query,positive,negative,delta
0,연계과정 학생은 언제 선발되나요?,"제6조(선발시기 및 선발방법) ① 연계과정 학생은 매학기 1회 선발함을 원칙으로 하며, 세부 일정은 대학원장이 따로 정한다.","제1편 학칙 및 설치근거_서울시립대학교 학칙_제7장 입학(편입학·재입학·전과 포함)_제38조(입학시기) 입학시기는 학년 초로부터 3주 이내로 하며, 편입학 및 재입학 그리고 외국인 입학의 시기는 학기 초로부터 3주 이내로 한다. <개정 2010. 6. 1., 2013. 10. 22.>",0.033717632
1,연계과정 학생은 언제 선발되나요?,"제6조(선발시기 및 선발방법) ① 연계과정 학생은 매학기 1회 선발함을 원칙으로 하며, 세부 일정은 대학원장이 따로 정한다.",제2편 학사행정 학사업무_소방방재학과 운영 시행세칙_제4장 등록금_제27조(약정기간) 매년 입학한 신입생들에 대한 약정기간은 매 입학년도 3월 1일부터 4년(8학기) 후인 해의 2월 말일까지로 한다.,0.17827511
2,연계과정 학생은 언제 선발되나요?,"제6조(선발시기 및 선발방법) ① 연계과정 학생은 매학기 1회 선발함을 원칙으로 하며, 세부 일정은 대학원장이 따로 정한다.","제3편 위원회_대학자체평가규정_제3조(평가시기) 대학자체평가는 2년마다 1회 이상 실시하여야 하며 구체적인 시기는 위원회에서 정한다. 다만, 「고등교육법」 제11조의2 제2항에 따라 인정기관에 의한 대학기관인증평가를 한 경우에는 이를 해당 연도 자체평가로 갈음할 수 있다. <개정 2019. 7.10.>",0.20198679
3,연계과정 학생은 언제 선발되나요?,"제6조(선발시기 및 선발방법) ① 연계과정 학생은 매학기 1회 선발함을 원칙으로 하며, 세부 일정은 대학원장이 따로 정한다.",제2편 학사행정 대학원_과학기술대학원 시행세칙_제5장 학위수여_제27조(지도교수) ① 대학원에 재학하는 학생은 제3학기 시작 후 1개월 이내에 학위논문 지도교수의 동의와 대학원장의 승인을 받아 별도의 절차에 따라 지도교수 선정을 완료하여야 한다.,0.21768236
4,연계과정 학생은 언제 선발되나요?,"제6조(선발시기 및 선발방법) ① 연계과정 학생은 매학기 1회 선발함을 원칙으로 하며, 세부 일정은 대학원장이 따로 정한다.","제1편 학칙 및 설치근거_서울시립대학교 학칙_제8장 등록, 교과 및 학점_제51조(등록) ① 학생은 매 학기 초 소정기일 내에 등록을 완료하여야 한다. <개정 2013. 10. 22.>",0.22844553
5,연계과정 학생은 언제 선발되나요?,"제6조(선발시기 및 선발방법) ① 연계과정 학생은 매학기 1회 선발함을 원칙으로 하며, 세부 일정은 대학원장이 따로 정한다.","제2편 학사행정 대학원_도시보건대학원 시행세칙_제2장 입학 및 학적관리
제1절 입학_제16조(수업연한) 석사과정 학생은 최소 2년 6개월(5학기)의 수업연한동안 등록하여야 한다.",0.23160315
6,연계과정 학생은 언제 선발되나요?,"제6조(선발시기 및 선발방법) ① 연계과정 학생은 매학기 1회 선발함을 원칙으로 하며, 세부 일정은 대학원장이 따로 정한다.","제2편 학사행정 대학원_산업대학원시행세칙_제4장 학위수여_제45조(대학원연구생 등록) ②대학원연구생은 중간발표 신청과 동시에 등록하고, 등록금은 정해진 기간 내에 납부하여야 한다.(개정 2008.09.30",0.39414763
7,연계과정 학생은 언제 선발되나요?,"제6조(선발시기 및 선발방법) ① 연계과정 학생은 매학기 1회 선발함을 원칙으로 하며, 세부 일정은 대학원장이 따로 정한다.","제2편 학사행정 대학원_도시보건대학원 시행세칙_제2장 입학 및 학적관리
제1절 입학_제15조(전공의 선택 및 변경) ① 전공은 2개 학기 이수 후 2주 이내에 신청하고, 전공 주임교수와 대학원장의 승인을 받아야 한다.",0.41847754
8,연계과정 학생은 언제 선발되나요?,"제6조(선발시기 및 선발방법) ① 연계과정 학생은 매학기 1회 선발함을 원칙으로 하며, 세부 일정은 대학원장이 따로 정한다.",제2편 학사행정 대학원_서울시립대학교 통합 대학원 학칙_제2장 입학 및 학적관리_제11조(입학시기) 입학은 매 학기 학업개시일로부터 30일 이내로 한다.,0.44395018
9,연계과정 학생은 언제 선발되나요?,"제6조(선발시기 및 선발방법) ① 연계과정 학생은 매학기 1회 선발함을 원칙으로 하며, 세부 일정은 대학원장이 따로 정한다.","제1편 학칙 및 설치근거_서울시립대학교 학사내규_제12장 조기졸업_제66조(조기졸업 신청) ① 학칙 제32조의 규정에 따라 조기졸업을 하고자 하는 자는 6학기 또는 7학기 개강 1개월 전에 학부․과장과 대학장의 추천을 받아 교무처장에게 신청(별지서식 2)하여야 한다.<개정 2003.2.7, 2003. 8. 9, 2006. 2. 8>",0.4559164
10,연계과정 학생은 언제 선발되나요?,"제6조(선발시기 및 선발방법) ① 연계과정 학생은 매학기 1회 선발함을 원칙으로 하며, 세부 일정은 대학원장이 따로 정한다.",제2편 학사행정 대학원_세무전문대학원 시행세칙_제7장 연구과정_제84조(장학생의 선정시기와 수혜기간) ① 당해 학기의 장학생은 전 학기 기간 중에 미리 선정하여야 한다.,0.47090507
11,연계과정 학생은 언제 선발되나요?,"제6조(선발시기 및 선발방법) ① 연계과정 학생은 매학기 1회 선발함을 원칙으로 하며, 세부 일정은 대학원장이 따로 정한다.","제2편 학사행정 대학원_교육대학원 시행세칙_제4장 교육과정
제1절 교과목의 이수_제35조(학위논문 지도교수) ① 대학원에 재학하는 학생은 입학한 후 2학기 이내에 학위논문 지도교수의 동의와 대학원장의 승인을 받아 지도교수 선정을 완료하여야 한다.",0.50240993
12,연계과정 학생은 언제 선발되나요?,"제6조(선발시기 및 선발방법) ① 연계과정 학생은 매학기 1회 선발함을 원칙으로 하며, 세부 일정은 대학원장이 따로 정한다.","제2편 학사행정 대학원_도시보건대학원 시행세칙_제2장 입학 및 학적관리
제1절 입학_제8조(입학전형·사정‧허가) ④ 대학원위원회는 적격 판정을 받은 사람에 대하여 합격 여부를 사정한다.",0.51378965
13,연계과정 학생은 언제 선발되나요?,"제6조(선발시기 및 선발방법) ① 연계과정 학생은 매학기 1회 선발함을 원칙으로 하며, 세부 일정은 대학원장이 따로 정한다.",제2편 학사행정 대학원_법학전문대학원 시행세칙_제1장 수업_제43조(수강신청) ③ 복학생과 편입생의 수강신청은 원칙적으로 매학기 개시일부터 3주 이내에 한다,0.5162411
14,연계과정 학생은 언제 선발되나요?,"제6조(선발시기 및 선발방법) ① 연계과정 학생은 매학기 1회 선발함을 원칙으로 하며, 세부 일정은 대학원장이 따로 정한다.","제2편 학사행정 대학원_세무전문대학원 시행세칙_제3장 학사관리_제27조(수업연한과 등록) ① 석사과정 및 박사과정 학생은 교과과목을 이수하는 기간 동안 등록하여야 하며, 최소 2년의 수업연한 동안 등록하여야 한다.(개정 2012. 2. 24)",0.5162716
15,연계과정 학생은 언제 선발되나요?,"제6조(선발시기 및 선발방법) ① 연계과정 학생은 매학기 1회 선발함을 원칙으로 하며, 세부 일정은 대학원장이 따로 정한다.","제5편 부설연구소 및 부속기관 발전기금_발전기금 운영규정_제3장 장학금 지원_제9조(장학생 선정 시기) 장학생은 매년 3월과 9월 중에 선정한다. 다만, 필요할 경우 수시로 추가 선정할 수 있다.[본조개정 2019.05.27.]",0.5591221
16,연계과정 학생은 언제 선발되나요?,"제6조(선발시기 및 선발방법) ① 연계과정 학생은 매학기 1회 선발함을 원칙으로 하며, 세부 일정은 대학원장이 따로 정한다.","제2편 학사행정 학사업무_소방방재학과 운영 시행세칙_제2장 입학(편입학, 재입학 포함)_제8조(입학전형) ② 신입생모집은 매년 1회에 한한다. 편입학은 여석이 있을 경우 대학의 학칙에 따라 실시하고 그 기간은 따로 정한다.",0.5726502
17,연계과정 학생은 언제 선발되나요?,"제6조(선발시기 및 선발방법) ① 연계과정 학생은 매학기 1회 선발함을 원칙으로 하며, 세부 일정은 대학원장이 따로 정한다.","제2편 학사행정 대학원_교육대학원 시행세칙_제4장 교육과정
제1절 교과목의 이수_제48조(학위수여 사정과 보고) ② 대학원위원회는 자격 확인의 지연 등 불가피한 사유로 인하여 학위수여요건을 충족하지 못한 사람에 대하여 조건부로 학위수여를 결정할 수 있다. 이 경우 최종적으로 조건의 미이행이 확정된 경우 학위는 취소된다.",0.5910032
18,연계과정 학생은 언제 선발되나요?,"제6조(선발시기 및 선발방법) ① 연계과정 학생은 매학기 1회 선발함을 원칙으로 하며, 세부 일정은 대학원장이 따로 정한다.",제2편 학사행정 대학원_교육대학원 시행세칙_제2장 입학 및 학적관리_제12조(입영 또는 복무 휴학) ① 입영 또는 복무 휴학을 하려는 학생은 입영일 또는 복무 시작일 이전에 증빙서류(입영통지서 사본 등)를 첨부하여 입영 휴학원을 제출하여야 한다.,0.59697676
19,연계과정 학생은 언제 선발되나요?,"제6조(선발시기 및 선발방법) ① 연계과정 학생은 매학기 1회 선발함을 원칙으로 하며, 세부 일정은 대학원장이 따로 정한다.","제2편 학사행정 대학원_도시보건대학원 시행세칙_제2장 입학 및 학적관리
제1절 입학_제13조(복학과 등록금) ④ 휴학기간 만료 후 소정 기일 내에 복학하지 않는 학생은 제적된다. 다만, 부득이한 사정이 있는 때에는 그러하지 아니하다",0.6131487
20,연계과정 학생은 언제 선발되나요?,"제6조(선발시기 및 선발방법) ① 연계과정 학생은 매학기 1회 선발함을 원칙으로 하며, 세부 일정은 대학원장이 따로 정한다.","제1편 학칙 및 설치근거_서울시립대학교 학칙_제7장 입학(편입학·재입학·전과 포함)_제39조(입학자격) 1학년에 입학할 수 있는 자는 다음 각 호의 어느 하나에 해당하는 자이어야 한다. <개정 2013. 10. 22.> 
 1. 고등학교 졸업자 또는 졸업예정자와 법령상 이와 동등한 학력이 있다고 인정된 자. 다만, 졸업예정자로서 예정일에 졸업하지 못한 자는 입학자격이 상실된다. <개정 2013. 10. 22.>
 2. 외국에서 12년 이상의 학교 교육과정을 수료한 자.
 3. 법령에 의하여 제1호 또는 제2호의 자와 동등한 자격이 있다고 인정된 자 <개정 2013. 10. 22.>",0.6168463
21,연계과정 학생은 언제 선발되나요?,"제6조(선발시기 및 선발방법) ① 연계과정 학생은 매학기 1회 선발함을 원칙으로 하며, 세부 일정은 대학원장이 따로 정한다.","제2편 학사행정 대학원_과학기술대학원 시행세칙_제2장 입학 및 학적관리_제14조(복학과 등록금) ④ 휴학기간 만료 후 소정 기일 내에 복학하지 않는 학생은 제적된다. 다만, 부득이한 사정이 있는 때에는 그러하지 아니한다. 제15조(재입학)",0.61694
22,연계과정 학생은 언제 선발되나요?,"제6조(선발시기 및 선발방법) ① 연계과정 학생은 매학기 1회 선발함을 원칙으로 하며, 세부 일정은 대학원장이 따로 정한다.","제2편 학사행정 대학원_도시보건대학원 시행세칙_제2장 입학 및 학적관리
제1절 입학_제7조(제출서류 및 전형료) ① 대학원 과정에 입학을 지원하고자 하는 사람은 다음 각 호의 서류를 정해진 기간 내에 제출하여야 한다. 1. 입학지원서 1부 2. 학사학위 취득(예정)증명서 1부 3. 학사과정 성적증명서 1부 4. 연구계획서 1부 5. 자기소개서 1부 6. 재직증명서, 경력증명서, 자격증명서 각 1부(해당자에 한함)",0.6246476
23,연계과정 학생은 언제 선발되나요?,"제6조(선발시기 및 선발방법) ① 연계과정 학생은 매학기 1회 선발함을 원칙으로 하며, 세부 일정은 대학원장이 따로 정한다.",제2편 학사행정 대학원_도시과학대학원시행세칙_제2장 입학 및 학적관리_제8조(입학전형․사정․허가) ④ 대학원위원회는 각 학과별 전형 실시 결과 적격 판정을 받은 사람에 대하여 합격 여부를 사정한다.,0.62905025
24,연계과정 학생은 언제 선발되나요?,"제6조(선발시기 및 선발방법) ① 연계과정 학생은 매학기 1회 선발함을 원칙으로 하며, 세부 일정은 대학원장이 따로 정한다.",제1편 학칙 및 설치근거_서울시립대학교 학칙_제7장 입학(편입학·재입학·전과 포함)_제43조(재입학) ④ 여석이 있음에도 불구하고 재입학이 불허된 학생은 1년경과 후 1회에 한하여 재입학을 허가할 수 있다. <개정 2013. 10. 22.>,0.64337015
25,연계과정 학생은 언제 선발되나요?,"제6조(선발시기 및 선발방법) ① 연계과정 학생은 매학기 1회 선발함을 원칙으로 하며, 세부 일정은 대학원장이 따로 정한다.","제2편 학사행정 대학원_교육대학원 시행세칙_제4장 교육과정
제1절 교과목의 이수_제40조(논문심사 절차) ① 학위논문 심사는 매 학기마다 실시하되 대학원장이 지정하는 소정 기일 내에 완료하여야 한다.",0.64589643
26,연계과정 학생은 언제 선발되나요?,"제6조(선발시기 및 선발방법) ① 연계과정 학생은 매학기 1회 선발함을 원칙으로 하며, 세부 일정은 대학원장이 따로 정한다.",제1편 학칙 및 설치근거_서울시립대학교 학사내규_제2장 등록 및 수강신청_제2조(등록) ① 학생은 학칙 제51조제1항의 규정에 의하여 매학기 초 등록을 완료함으로써 재학생의 자격을 취득한다.,0.6484847
27,연계과정 학생은 언제 선발되나요?,"제6조(선발시기 및 선발방법) ① 연계과정 학생은 매학기 1회 선발함을 원칙으로 하며, 세부 일정은 대학원장이 따로 정한다.",제2편 학사행정 대학원_산업대학원시행세칙_제2장 입학_제7조(제출서류 및 전형료) ①다음 서류를 소정기일 내에 대학원에 제출하여야 한다. 1. 입학원서(소정양식) 1부(사진 2매 포함) 2. 대학 졸업증명서 1부(학위등록번호 기재) 3. 졸업예정자는 졸업증명예정서 1부(입학 후 졸업증명서 제출) 4. 출신대학 전 학년 성적증명서 1부 5. 경력증명서 또는 재직증명서 1부(해당자에 한함) 6. 추천서 1부 7. 자기소개서,0.663326
28,연계과정 학생은 언제 선발되나요?,"제6조(선발시기 및 선발방법) ① 연계과정 학생은 매학기 1회 선발함을 원칙으로 하며, 세부 일정은 대학원장이 따로 정한다.","제2편 학사행정 대학원_도시과학대학원시행세칙_제6장 계약학과_제69조(학사제도 적용의 예외) ① 계약학과 학생에 대해서는 이 시행세칙에서 정한 휴학, 재입학, 학점교류 등을 적용하지 않으며, 입학 후 2년 6개월에 수료 또는 학위취득을 하여야 한다. 다만, 총장이 필요하다고 인정하는 경우에는 그러하지 아니하다.",0.6663952
29,연계과정 학생은 언제 선발되나요?,"제6조(선발시기 및 선발방법) ① 연계과정 학생은 매학기 1회 선발함을 원칙으로 하며, 세부 일정은 대학원장이 따로 정한다.",제2편 학사행정 대학원_과학기술대학원 시행세칙_제5장 학위수여_제32조(논문연구계획서 및 연구윤리서약서) ① 논문과정으로 학위를 취득하고자 하는 학생은 제3학기 시작 후 1개월 이내에 논문연구계획서를 제출하여야 한다.,0.6689453
30,연계과정 학생은 언제 선발되나요?,"제6조(선발시기 및 선발방법) ① 연계과정 학생은 매학기 1회 선발함을 원칙으로 하며, 세부 일정은 대학원장이 따로 정한다.","제4편 일반행정_입학사정관 인사관리 시행세칙_제5조(채용 분야 및 자격) ② 입학사정관은 다음 각 호의 요건을 충족하여야 하며 직급별 채용자격기준은 [별표 1]과 같다.(2012.2.24., 2018.2.1.)1. 국내ㆍ외 4년제 대학 학사학위 이상 소지자 2. 처장이 입학사정관 운용에 필요하여 정한 구체적인 자격요건을 충족하는 자 <개정 2014.4.14, 2018.2.1.> 3. 지방공무원법 제31조 각 호의 1에 저촉되지 않는 자(2012.2.24., 2018.2.1.",0.66920185
31,연계과정 학생은 언제 선발되나요?,"제6조(선발시기 및 선발방법) ① 연계과정 학생은 매학기 1회 선발함을 원칙으로 하며, 세부 일정은 대학원장이 따로 정한다.","제2편 학사행정 학사업무_소방방재학과 운영 시행세칙_제3장 학사관리_제10조(등록) ① 등록은 매 학기 초 소정기일 내에 수강신청을 하고, 등록금을 납부함으로써 완료된다.<개정 2016.5.17>",0.6753247
32,연계과정 학생은 언제 선발되나요?,"제6조(선발시기 및 선발방법) ① 연계과정 학생은 매학기 1회 선발함을 원칙으로 하며, 세부 일정은 대학원장이 따로 정한다.","제2편 학사행정 대학원_교육대학원 시행세칙_제4장 교육과정
제1절 교과목의 이수_제41조(심사용 학위논문 제출) ③ 심사용 학위논문의 제출 시기는 매년 5월과 11월로 한다.",0.68183374
33,연계과정 학생은 언제 선발되나요?,"제6조(선발시기 및 선발방법) ① 연계과정 학생은 매학기 1회 선발함을 원칙으로 하며, 세부 일정은 대학원장이 따로 정한다.",제2편 학사행정 대학원_교육대학원 시행세칙_제3장 등록_제15조(수업연한과 등록) ① 수업연한인 5학기 동안 등록하여야 한다.,0.6934364
34,연계과정 학생은 언제 선발되나요?,"제6조(선발시기 및 선발방법) ① 연계과정 학생은 매학기 1회 선발함을 원칙으로 하며, 세부 일정은 대학원장이 따로 정한다.","제2편 학사행정 대학원_도시보건대학원 시행세칙_제5장 학위수여
제１절 종합시험 및 외국어시험_제45조(비논문연구계획서) 비논문과정으로 학위를 취득하고자 하는 학생은 4학기 시작 후 1개월 이내에 지도교수의 지도를 받아 비논문연구계획서를 제출하여야 한다.",0.69628525
35,연계과정 학생은 언제 선발되나요?,"제6조(선발시기 및 선발방법) ① 연계과정 학생은 매학기 1회 선발함을 원칙으로 하며, 세부 일정은 대학원장이 따로 정한다.","제2편 학사행정 대학원_교육대학원 시행세칙_제4장 교육과정
제1절 교과목의 이수_제19조(수강신청) ① 수강신청은 매학기 소정의 기간 내에 하여야 한다.",0.6985872
36,연계과정 학생은 언제 선발되나요?,"제6조(선발시기 및 선발방법) ① 연계과정 학생은 매학기 1회 선발함을 원칙으로 하며, 세부 일정은 대학원장이 따로 정한다.",제2편 학사행정 대학원_과학기술대학원 시행세칙_제5장 학위수여_제28조(논문·비논문 확인서 제출) ③ 종합시험에 응시하고자 하는 학생은 주임교수의 승인을 받아 응시원서를 대학원장이 정한 기간 내에 소속학과에 제출하여야 한다.,0.70505357
37,연계과정 학생은 언제 선발되나요?,"제6조(선발시기 및 선발방법) ① 연계과정 학생은 매학기 1회 선발함을 원칙으로 하며, 세부 일정은 대학원장이 따로 정한다.","제2편 학사행정 대학원_도시보건대학원 시행세칙_제5장 학위수여
제１절 종합시험 및 외국어시험_제36조(심사용 학위논문 제출) ③ 심사용 학위논문의 제출 시기는 매년 5월과 11월로 한다.",0.70774364
38,연계과정 학생은 언제 선발되나요?,"제6조(선발시기 및 선발방법) ① 연계과정 학생은 매학기 1회 선발함을 원칙으로 하며, 세부 일정은 대학원장이 따로 정한다.",제2편 학사행정 대학원_법학전문대학원 학칙_제4장 학사관리_제28조(복학) ② 복학은 매 학기초 등록기간 내에 하여야 한다,0.7107754
39,연계과정 학생은 언제 선발되나요?,"제6조(선발시기 및 선발방법) ① 연계과정 학생은 매학기 1회 선발함을 원칙으로 하며, 세부 일정은 대학원장이 따로 정한다.","제1편 학칙 및 설치근거_서울시립대학교 학사내규_제11장 졸 업_제64조(학위수여) ⑤ 조기졸업 대상자에게는 6학기 또는 7학기 말에 학사학위를 수여할 수 있다.<신설 2003.2.7., 2004.11.29, 2006. 2. 8>",0.7118921
40,연계과정 학생은 언제 선발되나요?,"제6조(선발시기 및 선발방법) ① 연계과정 학생은 매학기 1회 선발함을 원칙으로 하며, 세부 일정은 대학원장이 따로 정한다.",제1편 학칙 및 설치근거_서울시립대학교 학사내규_제12장 조기졸업_제66조(조기졸업 신청) ② 조기졸업을 신청하는 자는 5학기 또는 6학기까지 취득 성적 평균평점이 4.00 이상이어야 하고 학사경고 또는 징계를 받지 않아야 한다.<신설 2003. 8. 9,0.7130823
41,연계과정 학생은 언제 선발되나요?,"제6조(선발시기 및 선발방법) ① 연계과정 학생은 매학기 1회 선발함을 원칙으로 하며, 세부 일정은 대학원장이 따로 정한다.","제2편 학사행정 학사업무_서울시립대학교 졸업자격인증제 시행세칙_제1장 총 칙_제3조(적용대상 및 범위) ④ 사회봉사 영역 졸업자격인증은 2015학년도 신입학생부터 적용한다. 다만, 편입학생의 경우 2015학년도 교과과정 적용 학생으로 한다. <신설 2015. 1. 29.>",0.7140262
42,연계과정 학생은 언제 선발되나요?,"제6조(선발시기 및 선발방법) ① 연계과정 학생은 매학기 1회 선발함을 원칙으로 하며, 세부 일정은 대학원장이 따로 정한다.","제2편 학사행정 학생관련행정_학생생활지도규정_제4장 학생포상_제12조(포상시기 등) ① 입학포상은 입학일에, 졸업포상은 학위수여일에 실시한다.",0.7180927
43,연계과정 학생은 언제 선발되나요?,"제6조(선발시기 및 선발방법) ① 연계과정 학생은 매학기 1회 선발함을 원칙으로 하며, 세부 일정은 대학원장이 따로 정한다.",제2편 학사행정 대학원_과학기술대학원 시행세칙_제5장 학위수여_제43조(비논문연구계획서 및 연구윤리서약서) ① 비논문과정으로 학위를 취득하고자 하는 학생은 제3학기 시작 후 1개월 이내에 비논문연구계획서를 제출하여야 한다.,0.72038746
44,연계과정 학생은 언제 선발되나요?,"제6조(선발시기 및 선발방법) ① 연계과정 학생은 매학기 1회 선발함을 원칙으로 하며, 세부 일정은 대학원장이 따로 정한다.","제2편 학사행정 대학원_과학기술대학원 시행세칙_제1장 총칙_제4조(교육과정) ③ 논문과정, 비논문과정의 변경을 원하는 학생은 지도교수와 주임교수의 승인을 받아 매 학기 대학원장이 정한 기간에 변경원을 대학원에 제출하여야 한다.",0.72892404
45,연계과정 학생은 언제 선발되나요?,"제6조(선발시기 및 선발방법) ① 연계과정 학생은 매학기 1회 선발함을 원칙으로 하며, 세부 일정은 대학원장이 따로 정한다.",제2편 학사행정 대학원_도시과학대학원시행세칙_제2장 입학 및 학적관리_제11조(입영 또는 복무휴학) ① 입영 또는 복무휴학을 하려는 학생은 입영일 또는 복무 시작일 이전에 증빙서류(입영통지서 사본 등)를 첨부하여 입영 휴학원을 제출하여야 한다.,0.7363987
46,연계과정 학생은 언제 선발되나요?,"제6조(선발시기 및 선발방법) ① 연계과정 학생은 매학기 1회 선발함을 원칙으로 하며, 세부 일정은 대학원장이 따로 정한다.","제2편 학사행정 대학원_세무전문대학원 시행세칙_제4장 교육과정
제1절 교과목의 이수_제31조(수강신청) ① 수강신청은 매학기 소정의 기간 내에 하여야 한다.(개정 2012. 2. 24)",0.7372432
47,연계과정 학생은 언제 선발되나요?,"제6조(선발시기 및 선발방법) ① 연계과정 학생은 매학기 1회 선발함을 원칙으로 하며, 세부 일정은 대학원장이 따로 정한다.",제2편 학사행정 교원인사_서울시립대학교 연구년교수 규정_제5조(연구년교수의 신청 및 선정) ②연구년교수의 선정기준일은 매년 3월1일 또는 9월1일로 한다. 다만 1년 및 6월국외연구년교수가 선정기준일 이전에 출국하는 경우에는 출국일을 기준으로 한다.(개정 2019. 10. 10.),0.7387905
48,연계과정 학생은 언제 선발되나요?,"제6조(선발시기 및 선발방법) ① 연계과정 학생은 매학기 1회 선발함을 원칙으로 하며, 세부 일정은 대학원장이 따로 정한다.","제2편 학사행정 대학원_도시보건대학원 시행세칙_제5장 학위수여
제１절 종합시험 및 외국어시험_제35조(논문심사 절차) ① 학위논문 심사는 매 학기마다 실시하되 대학원장이 정한 기일 내에 완료하여야 한다.",0.7446401
49,연계과정 학생은 언제 선발되나요?,"제6조(선발시기 및 선발방법) ① 연계과정 학생은 매학기 1회 선발함을 원칙으로 하며, 세부 일정은 대학원장이 따로 정한다.","제1편 학칙 및 설치근거_서울시립대학교 학사내규_제13장 학력 및 경력조회_제72조(학력 및 경력조회) ② 전항의 조회는 입학 또는 편입학 후 2개월 이내에 행하되, 취업자 전형으로 입학한 신입생은 근무산업체를, 편입학생은 전적대학을 조회대상으로 한다",0.7545459
0,연계과정의 선발 주기는 어떻게 되나요?,"제6조(선발시기 및 선발방법) ① 연계과정 학생은 매학기 1회 선발함을 원칙으로 하며, 세부 일정은 대학원장이 따로 정한다.","제3편 위원회_선행학습 영향평가 규정_제3조(위원회 구성) ③ 위촉위원은 전문성을 고려하여 입학사정관(교수, 채용), 입학담당직원, 전임교원, 현직교사, 교육전문가, 학부모 등으로 구성한다.",0.06864095
1,연계과정의 선발 주기는 어떻게 되나요?,"제6조(선발시기 및 선발방법) ① 연계과정 학생은 매학기 1회 선발함을 원칙으로 하며, 세부 일정은 대학원장이 따로 정한다.",제4편 일반행정_입학사정관 인사관리 시행세칙_제8조(인사위원회 구성과 임무) ④ 인사위원회는 다음 각 호의 임무를 수행한다. 1. 채용절차에 따른 채용심사 2. 입학사정관의 연봉확정 및 성과상여금에 관한 사항 심사 3. 상벌에 관한 사항을 심의 및 의결 4. 입학사정관의 재계약과 계약해지 여부 5. 직급 승급에 대한 심의 및 의결6. 기타 입학사정관 인사 관련 사항 심사 및 의,0.09564304
2,연계과정의 선발 주기는 어떻게 되나요?,"제6조(선발시기 및 선발방법) ① 연계과정 학생은 매학기 1회 선발함을 원칙으로 하며, 세부 일정은 대학원장이 따로 정한다.",제2편 학사행정 대학원_교육대학원 시행세칙_제1장 총 칙_제6조(입학배정과 배정인원) ② 각 전공별 입학배정인원은 대학원위원회에서 지원자수를 고려하여 정한다,0.1951704
3,연계과정의 선발 주기는 어떻게 되나요?,"제6조(선발시기 및 선발방법) ① 연계과정 학생은 매학기 1회 선발함을 원칙으로 하며, 세부 일정은 대학원장이 따로 정한다.","제2편 학사행정 대학원_과학기술대학원 시행세칙_제1장 총칙_제6조(입학배정인원) ① 각 학과의 입학배정인원은 대학원위원회에서 정하며, 그 배정방법은 별표 1과 같다.",0.26151252
4,연계과정의 선발 주기는 어떻게 되나요?,"제6조(선발시기 및 선발방법) ① 연계과정 학생은 매학기 1회 선발함을 원칙으로 하며, 세부 일정은 대학원장이 따로 정한다.",제2편 학사행정 대학원_도시과학대학원시행세칙_제2장 입학 및 학적관리_제8조(입학전형․사정․허가) ④ 대학원위원회는 각 학과별 전형 실시 결과 적격 판정을 받은 사람에 대하여 합격 여부를 사정한다.,0.26647806
5,연계과정의 선발 주기는 어떻게 되나요?,"제6조(선발시기 및 선발방법) ① 연계과정 학생은 매학기 1회 선발함을 원칙으로 하며, 세부 일정은 대학원장이 따로 정한다.","제3편 위원회_서울시립대학교 대학입학전형공정관리대책위원회규정_제4조(위원회 기능) 위원회는 다음 사항을 심의하고 관리한다.
1. 부정입학 방지대책에 관한 사항
2. 입학전형의 주요 과정 감시 및 자체 감사
3. 기타 입학전형공정관리에 관한 사항",0.26656246
6,연계과정의 선발 주기는 어떻게 되나요?,"제6조(선발시기 및 선발방법) ① 연계과정 학생은 매학기 1회 선발함을 원칙으로 하며, 세부 일정은 대학원장이 따로 정한다.",제4편 일반행정_취업규칙_제3장 채용 관리_제6조(채용) ③ 제1항의 규정에 의한 채용시에는 근로자가 수행할 업무의 성격 등을 종합적으로 감안하여 필요한 자격조건을 구체적으로 정하여야 한다,0.27370024
7,연계과정의 선발 주기는 어떻게 되나요?,"제6조(선발시기 및 선발방법) ① 연계과정 학생은 매학기 1회 선발함을 원칙으로 하며, 세부 일정은 대학원장이 따로 정한다.","제4편 일반행정_서울시립대학교 숙소운영규정_제11조(입주자 선정) ② 운영위원회는 입주신청자에 대해 제5조의 입주대상 자격을 심의하여 승인여부를 결정하고, 그 결과를 신청자와 해당 부서장에게 즉시 통지하여야 한다.(개정 2017.5.15)",0.30895925
8,연계과정의 선발 주기는 어떻게 되나요?,"제6조(선발시기 및 선발방법) ① 연계과정 학생은 매학기 1회 선발함을 원칙으로 하며, 세부 일정은 대학원장이 따로 정한다.","제2편 학사행정 대학원_도시보건대학원 시행세칙_제2장 입학 및 학적관리
제1절 입학_제8조(입학전형·사정‧허가) ④ 대학원위원회는 적격 판정을 받은 사람에 대하여 합격 여부를 사정한다.",0.30919123
9,연계과정의 선발 주기는 어떻게 되나요?,"제6조(선발시기 및 선발방법) ① 연계과정 학생은 매학기 1회 선발함을 원칙으로 하며, 세부 일정은 대학원장이 따로 정한다.",제2편 학사행정 대학원_세무전문대학원 시행세칙_제7장 연구과정_제79조(모집인원) 연구과정 모집인원은 전형시마다 그 지원자 수를 고려하여 대학원위원회가 정한다.,0.32930565
10,연계과정의 선발 주기는 어떻게 되나요?,"제6조(선발시기 및 선발방법) ① 연계과정 학생은 매학기 1회 선발함을 원칙으로 하며, 세부 일정은 대학원장이 따로 정한다.",제4편 일반행정_복지회 취업규칙_제3장 채용 및 근로계약_제6조(채용) ② 채용심사위원회는 위원장과 위원장이 정하는 3인이상의 위원으로 구성한다,0.33472967
11,연계과정의 선발 주기는 어떻게 되나요?,"제6조(선발시기 및 선발방법) ① 연계과정 학생은 매학기 1회 선발함을 원칙으로 하며, 세부 일정은 대학원장이 따로 정한다.","제4편 일반행정_입학사정관 인사관리 시행세칙_제8조(인사위원회 구성과 임무) ① 입학사정관의 채용, 연봉, 상벌, 재계약, 직급승급 등 인사 관련 제반사항을 심의하기 위해 인사위원회를 둘 수 있다.",0.3445058
12,연계과정의 선발 주기는 어떻게 되나요?,"제6조(선발시기 및 선발방법) ① 연계과정 학생은 매학기 1회 선발함을 원칙으로 하며, 세부 일정은 대학원장이 따로 정한다.",제1편 학칙 및 설치근거_서울시립대학교 학칙_제7장 입학(편입학·재입학·전과 포함)_제45조의2(시간제 등록생의 선발) ② 시간제등록생의 등록인원은 모집단위 입학정원의 100분의 10의 범위 내에서 총장이 정한다.,0.36056352
13,연계과정의 선발 주기는 어떻게 되나요?,"제6조(선발시기 및 선발방법) ① 연계과정 학생은 매학기 1회 선발함을 원칙으로 하며, 세부 일정은 대학원장이 따로 정한다.",제1편 학칙 및 설치근거_서울시립대학교 학칙_제7장 입학(편입학·재입학·전과 포함)_제45조(신입생 선발) ② 대학입학 전형의 공정한 관리를 위하여 입학전형공정관리대책위원회를 둔다.,0.36357117
14,연계과정의 선발 주기는 어떻게 되나요?,"제6조(선발시기 및 선발방법) ① 연계과정 학생은 매학기 1회 선발함을 원칙으로 하며, 세부 일정은 대학원장이 따로 정한다.","제2편 학사행정 교원인사_서울시립대학교 교원신규임용 규정_제2장 임용절차
제1절 공개채용_제9조(심사단계별 심사위원회 구성) ① 심사단계에 따라 임용분야별 심사위원회를 다음 각 호와 같이 구성하여 심사를 진행한다. 1. 기초심사 및 전공심사: 임용분야의 학부･과에 일반심사위원회를 설치한다. 다만, 신설되거나 교수가 1인 이하인 학부･과와 산학협력단 소속 산학협력중점교원을 임용하는 경우 총장은 6인 이하의 특별심사위원회를 설치한다. <개정 2021.12.16.> 2. 면접심사: 면접심사위원회는 총장, 당해 대학의 학장, 교무처장 및 당해 학부･과장(특별심사위원회 위원장을 포함한다. 이하 같다)의 4인으로 구성한다.",0.3647945
15,연계과정의 선발 주기는 어떻게 되나요?,"제6조(선발시기 및 선발방법) ① 연계과정 학생은 매학기 1회 선발함을 원칙으로 하며, 세부 일정은 대학원장이 따로 정한다.",제4편 일반행정_복지회 취업규칙_제1장 총칙_제1조(목적) 이 규칙은 근로기준법 및 노동관계법령에 따라 서울시립대학교 복지회 직원의 채용․복무 및 근로조건에 관한 사항을 정함을 목적으로 한다.,0.36837173
16,연계과정의 선발 주기는 어떻게 되나요?,"제6조(선발시기 및 선발방법) ① 연계과정 학생은 매학기 1회 선발함을 원칙으로 하며, 세부 일정은 대학원장이 따로 정한다.","제2편 학사행정 대학원_도시행정대학원 고위도시정책과정 운영규정_제3장 모집과 전형방법_제9조(입학자격) 이 과정의 입학자격은 다음과 같다. 
1. 행정기관의 주요관리자
2. 국회의원
3. 지방의회의원
4. 법조인
5. 언론기관의 간부
6. 정부투자기관 및 기업체의 관리자
7. 군고급장교
8. 지역사회 각 분야의 지도급인사",0.37788916
17,연계과정의 선발 주기는 어떻게 되나요?,"제6조(선발시기 및 선발방법) ① 연계과정 학생은 매학기 1회 선발함을 원칙으로 하며, 세부 일정은 대학원장이 따로 정한다.",제2편 학사행정 대학원_과학기술대학원 시행세칙_제2장 입학 및 학적관리_제8조(입학전형·사정) ④ 대학원위원회는 각 학과별 전형 실시 결과 적격 판정을 받은 사람에 대하여 합격 여부를 사정한다,0.38395667
18,연계과정의 선발 주기는 어떻게 되나요?,"제6조(선발시기 및 선발방법) ① 연계과정 학생은 매학기 1회 선발함을 원칙으로 하며, 세부 일정은 대학원장이 따로 정한다.","제2편 학사행정 교원인사_서울시립대학교 비전임교원 임용규정_제1장 총칙_제9조(심사방법) ② 기초심사는 다음 각 호에 따라 심사한다. 1. 심사위원회는 지원자에 대해 채용분야와의 적합성, 강의(실무)경력, 자기소개서 및 교육(연구)계획서 등을 50점 만점으로 평가하는 기초심사를 실시한다. 2. 심사위원장은 심사위원의 3분의 2이상이 평가한 결과를 평균하는 방법으로 임용인원의 5배수 이내로 면접대상자 또는 공개강의심사대상자를 선정하고 기초심사평가조서(별지 제5호서식)를 작성한다. 3. 심사위원회는 기초심사평가결과 지원자가 만점의 50%미만의 점수를 획득한 경우 면접심사 또는 공개강의심사를 생략하고 신규채용을 중단할 수 있다.",0.38737965
19,연계과정의 선발 주기는 어떻게 되나요?,"제6조(선발시기 및 선발방법) ① 연계과정 학생은 매학기 1회 선발함을 원칙으로 하며, 세부 일정은 대학원장이 따로 정한다.","제3편 위원회_대학자체평가규정_제3조(평가시기) 대학자체평가는 2년마다 1회 이상 실시하여야 하며 구체적인 시기는 위원회에서 정한다. 다만, 「고등교육법」 제11조의2 제2항에 따라 인정기관에 의한 대학기관인증평가를 한 경우에는 이를 해당 연도 자체평가로 갈음할 수 있다. <개정 2019. 7.10.>",0.38907194
20,연계과정의 선발 주기는 어떻게 되나요?,"제6조(선발시기 및 선발방법) ① 연계과정 학생은 매학기 1회 선발함을 원칙으로 하며, 세부 일정은 대학원장이 따로 정한다.","제2편 학사행정 학사업무_서울시립대학교 학·석사연계과정 운영규정_제5조(선발인원) 연계과정 선발인원은 석사과정 입학정원의 100분의 40이내에서 결정하되, 구체적인 선발인원은 대학원장이 정한다. <개정 2022. 4.15.>",0.3904643
21,연계과정의 선발 주기는 어떻게 되나요?,"제6조(선발시기 및 선발방법) ① 연계과정 학생은 매학기 1회 선발함을 원칙으로 하며, 세부 일정은 대학원장이 따로 정한다.",제2편 학사행정 교원인사_서울시립대학교 비전임교원 임용규정_제1장 총칙_제9조(심사방법) ⑤ 신규채용후보자에 대한 심사는 필요시 각 심사단계를 통합하여 실시할 수 있으며 그 시행에 필요한 구체적인 사항은 소속기관장이 따로 정한다,0.39086294
22,연계과정의 선발 주기는 어떻게 되나요?,"제6조(선발시기 및 선발방법) ① 연계과정 학생은 매학기 1회 선발함을 원칙으로 하며, 세부 일정은 대학원장이 따로 정한다.","제2편 학사행정 대학원_세무전문대학원 시행세칙_제7장 연구과정_제91조(교과과정과 이수학점) ① 계약학과의 교과과정은 대학원위원회에서 해당 계약학과의 성격, 수강생 등을 반영하여 결정한다.",0.39203954
23,연계과정의 선발 주기는 어떻게 되나요?,"제6조(선발시기 및 선발방법) ① 연계과정 학생은 매학기 1회 선발함을 원칙으로 하며, 세부 일정은 대학원장이 따로 정한다.","제3편 위원회_서울시립대학교 입학전형관리위원회 규정_제3조(위원회의 직능) 위원회는 입학전형에 관한 사항을 심의하고 관리한다.
1. 삭 제
2. 삭 제",0.39265537
24,연계과정의 선발 주기는 어떻게 되나요?,"제6조(선발시기 및 선발방법) ① 연계과정 학생은 매학기 1회 선발함을 원칙으로 하며, 세부 일정은 대학원장이 따로 정한다.","제2편 학사행정 대학원_법학전문대학원 학칙_제2장 조직_제10조(입학전형공정관리대책위원회) ① 본 대학원에 공정한 입학전형과 입학전형에 관한 민원의 처리를 위해 입학전형공정관리대책위원회를 두며, 위원장을 포함하여 5인 내지 7인의 위원으로 구성한다.",0.3971138
25,연계과정의 선발 주기는 어떻게 되나요?,"제6조(선발시기 및 선발방법) ① 연계과정 학생은 매학기 1회 선발함을 원칙으로 하며, 세부 일정은 대학원장이 따로 정한다.","제3편 위원회_등록금심의위원회 운영규정_제2조(구성) ①위원회는 다음 각 호의 위원으로 구성한다. 이 경우 학생위원은 전체 위원 정수의 10분의 3이상이 되도록 한다.(개정 2011.12.30.)(개정 2013.1.28) 1. 학생처장, 기획처장, 행정처장(2011.10. 6) 2. 교수회가 추천하는 교수 1명 3. 총학생회 정․부회장 각 1명 4. 대의원회의가 추천하는 단과대학 정학생회장 대표 2명 5. 총장이 추천하는 관련 전문가 1명 6. 총학생회가 추천하는 동문 1명",0.39914942
26,연계과정의 선발 주기는 어떻게 되나요?,"제6조(선발시기 및 선발방법) ① 연계과정 학생은 매학기 1회 선발함을 원칙으로 하며, 세부 일정은 대학원장이 따로 정한다.",제2편 학사행정 대학원_법학전문대학원 학칙_제3장 입학_제21조(입학전형계획의 공표) ② 제1항에 따라 공표하는 입학전형계획에는 다음의 사항이 포함되어야 한다. 1. 공정한 학생선발의 절차 2. 입학전형자료의 종류 및 평가방법 3. 특별전형의 대상 및 기,0.4016044
27,연계과정의 선발 주기는 어떻게 되나요?,"제6조(선발시기 및 선발방법) ① 연계과정 학생은 매학기 1회 선발함을 원칙으로 하며, 세부 일정은 대학원장이 따로 정한다.","제4편 일반행정_노사협의회규정_제2장 협의회의 구성_제7조(의장과 간사) ④ 노사 쌍방은 회의 결과의 기록 등 사무를 담당할 간사 1인을 각각 두며, 근로자를 대표하는 위원들과 사용자를 대표하는 위원들이 근로자위원과 사용자위원 중에서 선출한다",0.40514517
28,연계과정의 선발 주기는 어떻게 되나요?,"제6조(선발시기 및 선발방법) ① 연계과정 학생은 매학기 1회 선발함을 원칙으로 하며, 세부 일정은 대학원장이 따로 정한다.",제2편 학사행정 대학원_법학전문대학원 시행세칙_제1장 입학전형위원회_제5조(위원의 의무) ① 위원은 공정하고 객관적으로 그 임무를 수행하여야 한다.,0.40898085
29,연계과정의 선발 주기는 어떻게 되나요?,"제6조(선발시기 및 선발방법) ① 연계과정 학생은 매학기 1회 선발함을 원칙으로 하며, 세부 일정은 대학원장이 따로 정한다.","제2편 학사행정 교원인사_서울시립대학교 교원신규임용 규정_제2장 임용절차
제1절 공개채용_제22조(특별채용심사위원회의 구성) ① 특별채용하고자 하는 대상자에 대한 임용심사를 위하여 위원장을 포함하여 6인의 심사위원으로 구성되는 특별채용심사위원회(이하 “특채위원회”라 한다)를 둔다. <개정 2012.5.21.>",0.41144824
30,연계과정의 선발 주기는 어떻게 되나요?,"제6조(선발시기 및 선발방법) ① 연계과정 학생은 매학기 1회 선발함을 원칙으로 하며, 세부 일정은 대학원장이 따로 정한다.","제2편 학사행정 교원인사_서울시립대학교 교원신규임용 규정_제2장 임용절차
제1절 공개채용_제8조(임용분야의 결정) ① 임용분야는 당해 학부․과의 장기발전계획 등을 참고하여 학부․과 교수회의에서 결정한다. 단, 전문실무경력분야로 채용하고자 할 경우에는 교무처장과 협의하여 결정한다. <개정 2012.5.21., 2013.5.23., 2017.10.17.>",0.41457677
31,연계과정의 선발 주기는 어떻게 되나요?,"제6조(선발시기 및 선발방법) ① 연계과정 학생은 매학기 1회 선발함을 원칙으로 하며, 세부 일정은 대학원장이 따로 정한다.","제4편 일반행정_서울시립대학교 대학회계직원 인사관리 규정_제2장 채용 및 근로계약_제6조(채용절차) ② 행정처장은 채용계획서에 따라 대학회계직원 채용을 위한 심사위원회(이하 ""채용심사위원회"" 라 한다)를 구성하여 채용절차를 진행한다.",0.42349195
32,연계과정의 선발 주기는 어떻게 되나요?,"제6조(선발시기 및 선발방법) ① 연계과정 학생은 매학기 1회 선발함을 원칙으로 하며, 세부 일정은 대학원장이 따로 정한다.","제2편 학사행정 대학원_서울시립대학교 경영대학원 시행세칙_제2장 입학 및 학적관리
제1절 입학_제7조(입학전형·사정‧허가) ④ 대학원위원회는 각 전형 실시 결과 적격 판정을 받은 사람에 대하여 합격 여부를 사정한다.",0.42939043
33,연계과정의 선발 주기는 어떻게 되나요?,"제6조(선발시기 및 선발방법) ① 연계과정 학생은 매학기 1회 선발함을 원칙으로 하며, 세부 일정은 대학원장이 따로 정한다.","제2편 학사행정 학사업무_소방방재학과 운영 시행세칙_제2장 입학(편입학, 재입학 포함)_제8조(입학전형) ③ 이 시행세칙에 따로 정하지 않은 입학지원자의 추천, 입학허가 기준과 절차는 학칙과 제 규정이 정하는 바에 따른다.",0.4313693
34,연계과정의 선발 주기는 어떻게 되나요?,"제6조(선발시기 및 선발방법) ① 연계과정 학생은 매학기 1회 선발함을 원칙으로 하며, 세부 일정은 대학원장이 따로 정한다.","제2편 학사행정 대학원_교육대학원 시행세칙_제4장 교육과정
제1절 교과목의 이수_제48조(학위수여 사정과 보고) ② 대학원위원회는 자격 확인의 지연 등 불가피한 사유로 인하여 학위수여요건을 충족하지 못한 사람에 대하여 조건부로 학위수여를 결정할 수 있다. 이 경우 최종적으로 조건의 미이행이 확정된 경우 학위는 취소된다.",0.4327302
35,연계과정의 선발 주기는 어떻게 되나요?,"제6조(선발시기 및 선발방법) ① 연계과정 학생은 매학기 1회 선발함을 원칙으로 하며, 세부 일정은 대학원장이 따로 정한다.","제4편 일반행정_입학사정관 인사관리 시행세칙_제5조(채용 분야 및 자격) ② 입학사정관은 다음 각 호의 요건을 충족하여야 하며 직급별 채용자격기준은 [별표 1]과 같다.(2012.2.24., 2018.2.1.)1. 국내ㆍ외 4년제 대학 학사학위 이상 소지자 2. 처장이 입학사정관 운용에 필요하여 정한 구체적인 자격요건을 충족하는 자 <개정 2014.4.14, 2018.2.1.> 3. 지방공무원법 제31조 각 호의 1에 저촉되지 않는 자(2012.2.24., 2018.2.1.",0.4332776
36,연계과정의 선발 주기는 어떻게 되나요?,"제6조(선발시기 및 선발방법) ① 연계과정 학생은 매학기 1회 선발함을 원칙으로 하며, 세부 일정은 대학원장이 따로 정한다.",제2편 학사행정 대학원_세무전문대학원 시행세칙_제1장 총 칙_제7조의3(구성) ① 입학전형관리위원회는 학칙으로 정하는 바에 따라 본 대학원 원장이 지명하는 8명 이내의 위원으로 구성한다.(신설 2018.8.28),0.43741465
37,연계과정의 선발 주기는 어떻게 되나요?,"제6조(선발시기 및 선발방법) ① 연계과정 학생은 매학기 1회 선발함을 원칙으로 하며, 세부 일정은 대학원장이 따로 정한다.","제4편 일반행정_노사협의회규정_제4장 협의회의 임무_제18조(의결사항) 사용자는 다음 각 호의 1에 해당하는 사항에 대하여는 협의회의 의결을 거쳐야 한다.
 1. 근로자의 교육훈련과 능력개발 기본계획의 수립
 2. 복지시설의 설치와 관리
 3. 고충처리위원이 처리하기 곤란한 사항 
 4. 각종 노사공동위원회의 설치",0.43833637
38,연계과정의 선발 주기는 어떻게 되나요?,"제6조(선발시기 및 선발방법) ① 연계과정 학생은 매학기 1회 선발함을 원칙으로 하며, 세부 일정은 대학원장이 따로 정한다.","제2편 학사행정 대학원_도시행정대학원 고위도시정책과정 운영규정_제3장 모집과 전형방법_제11조(전형) 입학전형은 서류전형과 면접에 의하며, 위원회의 심의를 거쳐야 한다.",0.43900442
39,연계과정의 선발 주기는 어떻게 되나요?,"제6조(선발시기 및 선발방법) ① 연계과정 학생은 매학기 1회 선발함을 원칙으로 하며, 세부 일정은 대학원장이 따로 정한다.","제1편 학칙 및 설치근거_서울시립대학교 학칙_제7장 입학(편입학·재입학·전과 포함)_제45조(신입생 선발) ③ 입학전형공정관리대책위원회의 구성, 임무 및 운영에 관한 사항은 따로 규정으로 정한다. <개정 2003. 11. 18., 2013. 10. 22.",0.44532013
40,연계과정의 선발 주기는 어떻게 되나요?,"제6조(선발시기 및 선발방법) ① 연계과정 학생은 매학기 1회 선발함을 원칙으로 하며, 세부 일정은 대학원장이 따로 정한다.","제4편 일반행정_입학사정관 윤리규정_제4조(윤리강령의 준수) 입학사정관은 본교의 대학이념과 교육목적에 부합하는 인재선발을 위하여 다음의 윤리강령을 준수하여야 한다.
1. 입학사정관은 지원자의 존엄성과 대학입학과정의 노력을 존중한다.
2. 입학사정관은 학생선발과정에 있어서 지원자 및 지원자 가족의 성, 연령, 국적, 종교, 인종, 경제적 지위, 장애, 출신학교 등을 이유로 불이익을 주거나 차별하지 않는다.
3. 입학사정관은 양심에 따라 학생선발과정에서 원칙과 규정에 입각하여 공정하게 업무를 수행하여야 한다.",0.44559288
41,연계과정의 선발 주기는 어떻게 되나요?,"제6조(선발시기 및 선발방법) ① 연계과정 학생은 매학기 1회 선발함을 원칙으로 하며, 세부 일정은 대학원장이 따로 정한다.","제1편 학칙 및 설치근거_서울시립대학교 학칙_제16장 계약학과 [본장신설 2005. 2. 21.]_제100조(지원자격 및 선발) ① 계약학과에 입학 또는 편입학 할 수 있는 자는 각각 제39조 또는 제44조에서 규정한 자격을 갖추고 국가, 지방자치단체 또는 산업체 등의 추천을 받은 자이어야 한다. <개정 2013. 1. 28.>",0.44864368
42,연계과정의 선발 주기는 어떻게 되나요?,"제6조(선발시기 및 선발방법) ① 연계과정 학생은 매학기 1회 선발함을 원칙으로 하며, 세부 일정은 대학원장이 따로 정한다.",제2편 학사행정 대학원_서울시립대학교 국제도시과학대학원 시행세칙_제1장 총 칙_제6조(입학배정인원) ② 각 학과별 입학배정인원은 대학원위원회에서 정한다.,0.4486513
43,연계과정의 선발 주기는 어떻게 되나요?,"제6조(선발시기 및 선발방법) ① 연계과정 학생은 매학기 1회 선발함을 원칙으로 하며, 세부 일정은 대학원장이 따로 정한다.","제3편 위원회_선행학습 영향평가 규정_제5조(위원회 기능) 위원회는 다음 각 호의 사항을 심의한다.
 1. 선행학습 영향평가 진행절차 및 방법에 관한 사항
 2. 고교 교육과정 내 출제를 위한 대학의 노력에 관한 사항 
 3. 고교 교육과정 내 출제 여부 분석에 관한 사항
 4. 향후 대입전형 반영 계획 및 개선 노력에 관한 사항
 5. 기타 선행학습 영향평가 운영에 관한 사항",0.45355034
44,연계과정의 선발 주기는 어떻게 되나요?,"제6조(선발시기 및 선발방법) ① 연계과정 학생은 매학기 1회 선발함을 원칙으로 하며, 세부 일정은 대학원장이 따로 정한다.","제3편 위원회_서울시립대학교 교무위원회 규정_제3조(위원회의 심의사항) 위원회는 다음에 관한 사항을 심의한다.
 1. 대학, 학부, 학과, 부속기관 및 부설연구기관의 설치와 폐지 <개정 2023.2.6.>
 2. 학칙, 제․규정의 제정과 변경
 3. 입학, 수료 및 졸업
 4. 고사 및 시험
 5. 학생지도, 장학 및 후생
 6. 대학간의 조정을 요하는 사항
 7. 연구비, 장학금 등 제보조금의 지급
 8. 예산 및 결산
 9. 기타 필요하다고 인정하는 사항",0.45610952
45,연계과정의 선발 주기는 어떻게 되나요?,"제6조(선발시기 및 선발방법) ① 연계과정 학생은 매학기 1회 선발함을 원칙으로 하며, 세부 일정은 대학원장이 따로 정한다.","제3편 위원회_선행학습 영향평가 규정_제1조(목적) 이 규정은『공교육 정상화 촉진 및 선행교육 규제에 관한 특별법』과 관련하여 서울시립대학교 입학전형(대학별고사)이 선행교육 및 선행학습에 영향을 줄 수 있는 부분을 연구하여 입학전형에 반영하고, 이와 관련한 평가의 방법·절차·위원회 구성 등을 규정함을 목적으로 한다.",0.460088
46,연계과정의 선발 주기는 어떻게 되나요?,"제6조(선발시기 및 선발방법) ① 연계과정 학생은 매학기 1회 선발함을 원칙으로 하며, 세부 일정은 대학원장이 따로 정한다.",제4편 일반행정_취업규칙_제3장 채용 관리_제6조(채용) ② 제1항의 규정에 의한 근로자의 채용은 예산의 범위 내에서 사용목적에 적합하도록 하여야 한다.,0.4614215
47,연계과정의 선발 주기는 어떻게 되나요?,"제6조(선발시기 및 선발방법) ① 연계과정 학생은 매학기 1회 선발함을 원칙으로 하며, 세부 일정은 대학원장이 따로 정한다.","제2편 학사행정 대학원_과학기술대학원 시행세칙_제2장 입학 및 학적관리_제9조(심사위원) ① 각 학과의 입학전형 심사위원은 2명으로 하고, 각 학과의 전임교수 중에서 주임교수가 추천하고 대학원장이 위촉한다.",0.461509
48,연계과정의 선발 주기는 어떻게 되나요?,"제6조(선발시기 및 선발방법) ① 연계과정 학생은 매학기 1회 선발함을 원칙으로 하며, 세부 일정은 대학원장이 따로 정한다.",제2편 학사행정 대학원_서울시립대학교 통합 대학원 학칙_제1장 총칙_제9조(운영조직) ③ 통합대학원위원회는 다음 각 호의 사항을 심의한다. 1. 이 학칙과 제 규정 등의 제정 및 개폐에 관한 사항 2. 각 대학원 간 총 입학정원 조정에 관한 사항 3. 그 밖에 대학원 통합 운영 및 학사에 관한 주요사항,0.46324396
49,연계과정의 선발 주기는 어떻게 되나요?,"제6조(선발시기 및 선발방법) ① 연계과정 학생은 매학기 1회 선발함을 원칙으로 하며, 세부 일정은 대학원장이 따로 정한다.","제3편 위원회_서울시립대학교 생명윤리위원회 규정_제5조(위원회의 기능) 위원회는 다음 각 호의 업무를 수행한다.
 1. 다음 각 목에 해당하는 사항의 심의ㆍ의결
 가. 연구계획서의 윤리적ㆍ과학적 타당성
 나. 연구대상자 등으로부터 적법한 절차에 따라 동의를 받았는지 여부
 다. 연구대상자 등의 안전에 관한 사항
 라. 연구대상자 등의 개인정보 보호대책
 마. 기타 생명윤리 및 안전에 관한 사항
 2. 본교에서 수행 중인 연구의 진행과정 및 결과에 대한 조사ㆍ감독
 3. 기타 관련 법령에 근거가 있거나 위원장이 필요하다고 인정하는 사항",0.4650073
0,선발 일정은 누가 결정하나요?,"제6조(선발시기 및 선발방법) ① 연계과정 학생은 매학기 1회 선발함을 원칙으로 하며, 세부 일정은 대학원장이 따로 정한다.","제3편 위원회_선행학습 영향평가 규정_제3조(위원회 구성) ③ 위촉위원은 전문성을 고려하여 입학사정관(교수, 채용), 입학담당직원, 전임교원, 현직교사, 교육전문가, 학부모 등으로 구성한다.",-0.09557581
1,선발 일정은 누가 결정하나요?,"제6조(선발시기 및 선발방법) ① 연계과정 학생은 매학기 1회 선발함을 원칙으로 하며, 세부 일정은 대학원장이 따로 정한다.",제4편 일반행정_입학사정관 인사관리 시행세칙_제8조(인사위원회 구성과 임무) ④ 인사위원회는 다음 각 호의 임무를 수행한다. 1. 채용절차에 따른 채용심사 2. 입학사정관의 연봉확정 및 성과상여금에 관한 사항 심사 3. 상벌에 관한 사항을 심의 및 의결 4. 입학사정관의 재계약과 계약해지 여부 5. 직급 승급에 대한 심의 및 의결6. 기타 입학사정관 인사 관련 사항 심사 및 의,-0.048457146
2,선발 일정은 누가 결정하나요?,"제6조(선발시기 및 선발방법) ① 연계과정 학생은 매학기 1회 선발함을 원칙으로 하며, 세부 일정은 대학원장이 따로 정한다.",제4편 일반행정_복지회 취업규칙_제3장 채용 및 근로계약_제6조(채용) ② 채용심사위원회는 위원장과 위원장이 정하는 3인이상의 위원으로 구성한다,-0.019619465
3,선발 일정은 누가 결정하나요?,"제6조(선발시기 및 선발방법) ① 연계과정 학생은 매학기 1회 선발함을 원칙으로 하며, 세부 일정은 대학원장이 따로 정한다.",제4편 일반행정_교수회 규정_제6장 교수회의 임원_제27조(회장의 선출) ① 회장은 전임자의 임기만료 전까지 총회에서 출석회원의 직접·무기명·비밀투표로 선출한다.,0.062702656
4,선발 일정은 누가 결정하나요?,"제6조(선발시기 및 선발방법) ① 연계과정 학생은 매학기 1회 선발함을 원칙으로 하며, 세부 일정은 대학원장이 따로 정한다.","제4편 일반행정_노사협의회규정_제2장 협의회의 구성_제7조(의장과 간사) ④ 노사 쌍방은 회의 결과의 기록 등 사무를 담당할 간사 1인을 각각 두며, 근로자를 대표하는 위원들과 사용자를 대표하는 위원들이 근로자위원과 사용자위원 중에서 선출한다",0.06584072
5,선발 일정은 누가 결정하나요?,"제6조(선발시기 및 선발방법) ① 연계과정 학생은 매학기 1회 선발함을 원칙으로 하며, 세부 일정은 대학원장이 따로 정한다.",제2편 학사행정 학사업무_명예졸업증서 수여 규정_제4조(수여대상자의 추천 및 결정) 명예졸업증서 수여대상자는 해당 대학장이 추천하고 교무위원회의 심의를 거쳐 총장이 결정한다.,0.08133268
6,선발 일정은 누가 결정하나요?,"제6조(선발시기 및 선발방법) ① 연계과정 학생은 매학기 1회 선발함을 원칙으로 하며, 세부 일정은 대학원장이 따로 정한다.","제3편 위원회_서울시립대학교 생명윤리위원회 규정_제4조(위원회의 조직과 구성) ③ 위원장은 위원 중에서 호선하며, 부위원장은 위원장이 지명한다.",0.08662939
7,선발 일정은 누가 결정하나요?,"제6조(선발시기 및 선발방법) ① 연계과정 학생은 매학기 1회 선발함을 원칙으로 하며, 세부 일정은 대학원장이 따로 정한다.",제3편 위원회_서울시립대학교 대학혁신위원회 규정_제5조(위원장 등의 직무) ③ 간사는 위원장의 명을 받아 위원회의 사무를 처리한다.,0.091018915
8,선발 일정은 누가 결정하나요?,"제6조(선발시기 및 선발방법) ① 연계과정 학생은 매학기 1회 선발함을 원칙으로 하며, 세부 일정은 대학원장이 따로 정한다.","제3편 위원회_서울시립대학교 대학평의원회 규정_제5조(의장․부의장․사무총장) ③ 의장, 부의장 및 사무총장이 궐위된 경우에 그 궐위된 날로부터 30일 이내에 후임자를 선출하여야 한다.",0.13057065
9,선발 일정은 누가 결정하나요?,"제6조(선발시기 및 선발방법) ① 연계과정 학생은 매학기 1회 선발함을 원칙으로 하며, 세부 일정은 대학원장이 따로 정한다.",제3편 위원회_학연협동연구석박사과정운영위원회규정_제4조(회의) ① 회의는 위원장이 소집하고 재적위원 과반수의 출석과 출석위원 과반수의 찬성으로 결정하며 가부동수인 때에는 위원장이 결정권을 가진다.,0.14567518
10,선발 일정은 누가 결정하나요?,"제6조(선발시기 및 선발방법) ① 연계과정 학생은 매학기 1회 선발함을 원칙으로 하며, 세부 일정은 대학원장이 따로 정한다.",제2편 학사행정 대학원_세무전문대학원 시행세칙_제1장 총 칙_제7조의4(위원장과 부위원장) ④ 위원장은 위원 과반수의 동의를 얻어 위원 중에서 서류심사와 면접을 담당할 자를 지정할 수 있다.(신설 2018.8.28),0.15173674
11,선발 일정은 누가 결정하나요?,"제6조(선발시기 및 선발방법) ① 연계과정 학생은 매학기 1회 선발함을 원칙으로 하며, 세부 일정은 대학원장이 따로 정한다.","제4편 일반행정_서울시립대학교 숙소운영규정_제11조(입주자 선정) ② 운영위원회는 입주신청자에 대해 제5조의 입주대상 자격을 심의하여 승인여부를 결정하고, 그 결과를 신청자와 해당 부서장에게 즉시 통지하여야 한다.(개정 2017.5.15)",0.16085768
12,선발 일정은 누가 결정하나요?,"제6조(선발시기 및 선발방법) ① 연계과정 학생은 매학기 1회 선발함을 원칙으로 하며, 세부 일정은 대학원장이 따로 정한다.","제4편 일반행정_교수회 규정_제6장 교수회의 임원_제28조(부회장 등의 선임) ① 부회장, 사무총장 및 고문은 회장이 회원 중에서 평의회의 동의를 얻어 임명하되, 부회장 1인은 여교수회의 추천을 받는다.",0.16826606
13,선발 일정은 누가 결정하나요?,"제6조(선발시기 및 선발방법) ① 연계과정 학생은 매학기 1회 선발함을 원칙으로 하며, 세부 일정은 대학원장이 따로 정한다.","제3편 위원회_서울시립대학교 대학발전위원회규정_제7조(분과위원회 구성) ③ 각 분과위원회는 위원장, 부위원장 및 총장이 위촉하는 15명 이내의 교수와 직원, 기타 총장이 필요하다고 인정하는 자로 구성한다. <개정 2003.4.16, 2003. 7.29>",0.1831975
14,선발 일정은 누가 결정하나요?,"제6조(선발시기 및 선발방법) ① 연계과정 학생은 매학기 1회 선발함을 원칙으로 하며, 세부 일정은 대학원장이 따로 정한다.",제3편 위원회_서울시립대학교 대학혁신위원회 규정_제9조(기타) 이 규정에 정한 것 이외에 위원회의 운영에 관하여 필요한 사항은 위원회의 심의·의결을 거쳐 위원장이 정할 수 있다.,0.18674016
15,선발 일정은 누가 결정하나요?,"제6조(선발시기 및 선발방법) ① 연계과정 학생은 매학기 1회 선발함을 원칙으로 하며, 세부 일정은 대학원장이 따로 정한다.",제2편 학사행정 대학원_교육대학원 시행세칙_제1장 총 칙_제6조(입학배정과 배정인원) ② 각 전공별 입학배정인원은 대학원위원회에서 지원자수를 고려하여 정한다,0.18747377
16,선발 일정은 누가 결정하나요?,"제6조(선발시기 및 선발방법) ① 연계과정 학생은 매학기 1회 선발함을 원칙으로 하며, 세부 일정은 대학원장이 따로 정한다.","제4편 일반행정_교수회 규정_제2장 총회
제1절 구성 및 권한_제7조(총장후보자의 추천) 총장후보자 추천에 관해서는 총장후보자 추천에 관한 규정에 따른다.",0.20621157
17,선발 일정은 누가 결정하나요?,"제6조(선발시기 및 선발방법) ① 연계과정 학생은 매학기 1회 선발함을 원칙으로 하며, 세부 일정은 대학원장이 따로 정한다.","제4편 일반행정_교수회 규정_제6장 교수회의 임원_제31조(임원의 임무) ④ 부회장 및 사무총장은 회장을 보좌하고, 회장 궐위 시에 연장자인 부회장이 회장의 업무를 수행한다.",0.21422434
18,선발 일정은 누가 결정하나요?,"제6조(선발시기 및 선발방법) ① 연계과정 학생은 매학기 1회 선발함을 원칙으로 하며, 세부 일정은 대학원장이 따로 정한다.","제5편 부설연구소 및 부속기관 발전기금_발전기금 인사관리규정_제7조(채용심사위원회의 구성) 채용심사위원회는 위원장을 포함한 3인 이내로 구성하되, 위원장은 상임이사가 되며 위원은 상임이사가 위촉한다.",0.23128867
19,선발 일정은 누가 결정하나요?,"제6조(선발시기 및 선발방법) ① 연계과정 학생은 매학기 1회 선발함을 원칙으로 하며, 세부 일정은 대학원장이 따로 정한다.","제2편 학사행정 대학원_산업대학원시행세칙_제1장 총 칙_제4조(산업대학원위원회) ④위원회는 필요에 따라 위원장이 이를 소집하며, 위원장이 그 의장이 된다.",0.23713541
20,선발 일정은 누가 결정하나요?,"제6조(선발시기 및 선발방법) ① 연계과정 학생은 매학기 1회 선발함을 원칙으로 하며, 세부 일정은 대학원장이 따로 정한다.",제3편 위원회_서울시립대학교 입학전형관리위원회 규정_제4조(위원장 등) ① 위원장은 위원회를 소집하고 이를 주재하며 위원회의 사무와 운영을 통괄하고 위원회를 대표한다.,0.2547629
21,선발 일정은 누가 결정하나요?,"제6조(선발시기 및 선발방법) ① 연계과정 학생은 매학기 1회 선발함을 원칙으로 하며, 세부 일정은 대학원장이 따로 정한다.","제3편 위원회_등록금심의위원회 운영규정_제2조(구성) ①위원회는 다음 각 호의 위원으로 구성한다. 이 경우 학생위원은 전체 위원 정수의 10분의 3이상이 되도록 한다.(개정 2011.12.30.)(개정 2013.1.28) 1. 학생처장, 기획처장, 행정처장(2011.10. 6) 2. 교수회가 추천하는 교수 1명 3. 총학생회 정․부회장 각 1명 4. 대의원회의가 추천하는 단과대학 정학생회장 대표 2명 5. 총장이 추천하는 관련 전문가 1명 6. 총학생회가 추천하는 동문 1명",0.25497723
22,선발 일정은 누가 결정하나요?,"제6조(선발시기 및 선발방법) ① 연계과정 학생은 매학기 1회 선발함을 원칙으로 하며, 세부 일정은 대학원장이 따로 정한다.","제4편 일반행정_복지회 취업규칙_제9장 표창 및 징계_제33조(징계심의) ① 인사위원회 위원장은 징계의결을 위한 회의 7일 전까지 위원들에게 회의일시, 장소, 의제 등을, 징계대상 직원에게는 출석을 통보한다.",0.25730467
23,선발 일정은 누가 결정하나요?,"제6조(선발시기 및 선발방법) ① 연계과정 학생은 매학기 1회 선발함을 원칙으로 하며, 세부 일정은 대학원장이 따로 정한다.","제4편 일반행정_서울시립대학교 표창 규정_제7조(표창 대상자 추천) ① 표창 대상자의 추천은 부총장, 처·단장(미래혁신원장 포함), 각 대학(원)장, 부속기관의 장이 행한다.",0.26093578
24,선발 일정은 누가 결정하나요?,"제6조(선발시기 및 선발방법) ① 연계과정 학생은 매학기 1회 선발함을 원칙으로 하며, 세부 일정은 대학원장이 따로 정한다.","제4편 일반행정_교수회 규정_제3장 평의회
제1절 설치 및 구성_제17조(전문위원회) ③ 위원장은 의장이 위원 중에서 위촉한다.",0.26587057
25,선발 일정은 누가 결정하나요?,"제6조(선발시기 및 선발방법) ① 연계과정 학생은 매학기 1회 선발함을 원칙으로 하며, 세부 일정은 대학원장이 따로 정한다.","제4편 일반행정_서울시립대학교 인권센터 규정_제3장 위원회
 제1절(인권위원회)_제19조(구성) ③ 심의위원회 위원장은 심의위원회에서 호선한다. 단, 심의위원회 위원장이 제42조에 해당하는 경우 센터장이 심의위원 중에서 위원장을 지명하되 그 임기는 당해사건 처리 완료시까지로 한다.",0.2706902
26,선발 일정은 누가 결정하나요?,"제6조(선발시기 및 선발방법) ① 연계과정 학생은 매학기 1회 선발함을 원칙으로 하며, 세부 일정은 대학원장이 따로 정한다.","제3편 위원회_서울시립대학교 생명윤리위원회 규정_제4조(위원회의 조직과 구성) ① 위원회는 위원장 1명을 포함하여 5명 이상의 위원으로 구성하되, 하나의 성(性)으로만 구성할 수 없으며, 사회적ㆍ윤리적 타당성을 평가할 수 있는 경험과 지식을 갖춘 위원 1명 이상과 본교에 소속되지 않은 위원 1명 이상으로 구성한다. <개정 2020. 4. 16.>",0.27284813
27,선발 일정은 누가 결정하나요?,"제6조(선발시기 및 선발방법) ① 연계과정 학생은 매학기 1회 선발함을 원칙으로 하며, 세부 일정은 대학원장이 따로 정한다.",제2편 학사행정 교원인사_서울시립대학교 조교임용에 관한 규정_제20조(재임용조정위원회 구성과 운영) ⑤ 위원장은 제19조에 따라 이의를 제기한 사람에게 조정위원회에 출석하여 의견을 진술할 기회를 부여하여야 한다.,0.27343965
28,선발 일정은 누가 결정하나요?,"제6조(선발시기 및 선발방법) ① 연계과정 학생은 매학기 1회 선발함을 원칙으로 하며, 세부 일정은 대학원장이 따로 정한다.",제2편 학사행정 대학원_세무전문대학원 시행세칙_제1장 총 칙_제7조의3(구성) ① 입학전형관리위원회는 학칙으로 정하는 바에 따라 본 대학원 원장이 지명하는 8명 이내의 위원으로 구성한다.(신설 2018.8.28),0.28364277
29,선발 일정은 누가 결정하나요?,"제6조(선발시기 및 선발방법) ① 연계과정 학생은 매학기 1회 선발함을 원칙으로 하며, 세부 일정은 대학원장이 따로 정한다.",제3편 위원회_서울시립대학교 대학혁신위원회 규정_제5조(위원장 등의 직무) ① 위원장은 위원회 업무를 총괄하고 위원회를 대표한다.,0.28527737
30,선발 일정은 누가 결정하나요?,"제6조(선발시기 및 선발방법) ① 연계과정 학생은 매학기 1회 선발함을 원칙으로 하며, 세부 일정은 대학원장이 따로 정한다.","제3편 위원회_대학자체평가규정_제7조(대학자체평가단) ① 평가단은 평가단장을 포함한 교내 및 외부전문가 10인 이내의 평가위원으로 구성하며, 평가단장은 총장이 임명한다. <개정 2019. 7.10.>",0.28603816
31,선발 일정은 누가 결정하나요?,"제6조(선발시기 및 선발방법) ① 연계과정 학생은 매학기 1회 선발함을 원칙으로 하며, 세부 일정은 대학원장이 따로 정한다.","제4편 일반행정_교수회 규정_제5장 여교수회_제24조(회의) ③ 회장단회의는 역대회장, 현회장 및 차기 회장으로 구성되며, 현회장이 필요하다고 인정될 때 또는 회장단 회원 중 2인 이상이 요청할 때 소집한다.",0.28613806
32,선발 일정은 누가 결정하나요?,"제6조(선발시기 및 선발방법) ① 연계과정 학생은 매학기 1회 선발함을 원칙으로 하며, 세부 일정은 대학원장이 따로 정한다.","제3편 위원회_서울시립대학교 생명윤리위원회 규정_제6조(위원회의 운영) ③ 위원회는 재적위원 과반수의 출석과 출석위원 과반수의 찬성으로 심의ㆍ의결하되, 본교에 소속되지 않은 위원 1명 이상이 반드시 출석하여야 한다. <개정 2020. 4. 16.>",0.2867322
33,선발 일정은 누가 결정하나요?,"제6조(선발시기 및 선발방법) ① 연계과정 학생은 매학기 1회 선발함을 원칙으로 하며, 세부 일정은 대학원장이 따로 정한다.",제4편 일반행정_노사협의회규정_제2장 협의회의 구성_제6조(협의회의 구성) ④ 위원에 결원이 생긴 때에는 30일 이내에 보궐위원을 위촉 또는 선출한다,0.28799558
34,선발 일정은 누가 결정하나요?,"제6조(선발시기 및 선발방법) ① 연계과정 학생은 매학기 1회 선발함을 원칙으로 하며, 세부 일정은 대학원장이 따로 정한다.",제2편 학사행정 교원인사_서울시립대학교 명예교수 규정_제7조(위원장 등의 직무 및 회의) ④ 위원장은 위원회에서 의결된 사항을 총장에게 보고하여야 한다.,0.28838325
35,선발 일정은 누가 결정하나요?,"제6조(선발시기 및 선발방법) ① 연계과정 학생은 매학기 1회 선발함을 원칙으로 하며, 세부 일정은 대학원장이 따로 정한다.",제2편 학사행정 대학원_세무전문대학원 시행세칙_제7장 연구과정_제87조(장학생 결정과 공고) ① 학생처장은 대학원장이 추천한 장학생을 수합하여 총장에게 보고하고 총장이 장학생을 최종 결정한다.,0.28891206
36,선발 일정은 누가 결정하나요?,"제6조(선발시기 및 선발방법) ① 연계과정 학생은 매학기 1회 선발함을 원칙으로 하며, 세부 일정은 대학원장이 따로 정한다.","제4편 일반행정_입학사정관 인사관리 시행세칙_제8조(인사위원회 구성과 임무) ① 입학사정관의 채용, 연봉, 상벌, 재계약, 직급승급 등 인사 관련 제반사항을 심의하기 위해 인사위원회를 둘 수 있다.",0.29182768
37,선발 일정은 누가 결정하나요?,"제6조(선발시기 및 선발방법) ① 연계과정 학생은 매학기 1회 선발함을 원칙으로 하며, 세부 일정은 대학원장이 따로 정한다.","제3편 위원회_선행학습 영향평가 규정_제3조(위원회 구성) ② 입학처장과 입학부처장은 재임기간 중 당연직 위원으로, 입학처장은 위원장직을 입학부처장은 부위원장직을 각각 수행한다.",0.29184318
38,선발 일정은 누가 결정하나요?,"제6조(선발시기 및 선발방법) ① 연계과정 학생은 매학기 1회 선발함을 원칙으로 하며, 세부 일정은 대학원장이 따로 정한다.",제3편 위원회_서울시립대학교 대학발전위원회규정_제4조(위원장 등의 직무) ③ 간사는 위원장의 명을 받아 심의안건에 대한 자료작성 등 회의소집 및 운영에 따른 제반준비 및 관련사항을 처리한다,0.29465103
39,선발 일정은 누가 결정하나요?,"제6조(선발시기 및 선발방법) ① 연계과정 학생은 매학기 1회 선발함을 원칙으로 하며, 세부 일정은 대학원장이 따로 정한다.",제4편 일반행정_교수회 규정_제6장 교수회의 임원_제31조(임원의 임무) ⑥ 사무총장은 회장의 지시에 따라 본회의 실무를 담당한다.,0.29692006
40,선발 일정은 누가 결정하나요?,"제6조(선발시기 및 선발방법) ① 연계과정 학생은 매학기 1회 선발함을 원칙으로 하며, 세부 일정은 대학원장이 따로 정한다.","제2편 학사행정 학생관련행정_서울시립대학교 장학규정_제3장 학부 장학금_제14조(선발 확정) ③ 국제교류 장학의 경우에는 국제교육원장이 장학생 선발계획에 따라 선발하고 선발명단을 총장에게 보고하며, 총장은 선발대상자를 최종확정한다. <신설 2016. 9. 6.",0.29705238
41,선발 일정은 누가 결정하나요?,"제6조(선발시기 및 선발방법) ① 연계과정 학생은 매학기 1회 선발함을 원칙으로 하며, 세부 일정은 대학원장이 따로 정한다.",제2편 학사행정 대학원_법학전문대학원 시행세칙_제1장 입학전형위원회_제5조(위원의 의무) ① 위원은 공정하고 객관적으로 그 임무를 수행하여야 한다.,0.30008602
42,선발 일정은 누가 결정하나요?,"제6조(선발시기 및 선발방법) ① 연계과정 학생은 매학기 1회 선발함을 원칙으로 하며, 세부 일정은 대학원장이 따로 정한다.","제2편 학사행정 교원인사_서울시립대학교 교원임용 규정_제26조(위원회의 구성 및 운영) ③ 위원장은 위원회의 회무를 관장하며, 위원장 유고시에는 부위원장이 그 직무를 대행한다.",0.30450654
43,선발 일정은 누가 결정하나요?,"제6조(선발시기 및 선발방법) ① 연계과정 학생은 매학기 1회 선발함을 원칙으로 하며, 세부 일정은 대학원장이 따로 정한다.","제2편 학사행정 교원인사_서울시립대학교 교원신규임용 규정_제3장 신규임용조정위원회_제24조(신규임용조정위원회) ④ 조정위원회에 위원장, 부위원장 각 1인을 두며, 위원 중에서 호선한다.",0.30892587
44,선발 일정은 누가 결정하나요?,"제6조(선발시기 및 선발방법) ① 연계과정 학생은 매학기 1회 선발함을 원칙으로 하며, 세부 일정은 대학원장이 따로 정한다.",제4편 일반행정_차량출입및주차관리에관한규정_제8조(구성) ① 위원회는 위원장과 부위원장을 포함한 위원 15인 이내로 구성한다.,0.30896473
45,선발 일정은 누가 결정하나요?,"제6조(선발시기 및 선발방법) ① 연계과정 학생은 매학기 1회 선발함을 원칙으로 하며, 세부 일정은 대학원장이 따로 정한다.",제4편 일반행정_교수회 규정_제6장 교수회의 임원_제29조(감사의 선출) ① 감사는 총회에서 선출한다.,0.30927658
46,선발 일정은 누가 결정하나요?,"제6조(선발시기 및 선발방법) ① 연계과정 학생은 매학기 1회 선발함을 원칙으로 하며, 세부 일정은 대학원장이 따로 정한다.","제2편 학사행정 학사업무_사회공헌위원회 운영 규정_제2조(구성) ① 위원회는 다음 각 호의 위원으로 구성한다.  1. 학생처장, 학생부처장, 서울시립대학교 종합사회복지관장, 학생과장 2. 총장이 추천하는 교내 교원 2인 이내  3. 총장이 추천하는 외부 인사 5인 이내",0.3191948
47,선발 일정은 누가 결정하나요?,"제6조(선발시기 및 선발방법) ① 연계과정 학생은 매학기 1회 선발함을 원칙으로 하며, 세부 일정은 대학원장이 따로 정한다.","제2편 학사행정 교원인사_서울시립대학교 조교임용에 관한 규정_제10조(임용심사위원회 구성과 운영) ④ 심사위원회는 위원장이 소집하고 재적위원 과반수의 출석으로 개회하며, 출석위원 과반수의 찬성으로 의결한다",0.3219881
48,선발 일정은 누가 결정하나요?,"제6조(선발시기 및 선발방법) ① 연계과정 학생은 매학기 1회 선발함을 원칙으로 하며, 세부 일정은 대학원장이 따로 정한다.",제3편 위원회_서울시립대학교 교양과정위원회 규정_제4조(위원장 등의 직무) ① 위원장은 회무를 총괄하고 위원회를 대표한다.,0.32346582
49,선발 일정은 누가 결정하나요?,"제6조(선발시기 및 선발방법) ① 연계과정 학생은 매학기 1회 선발함을 원칙으로 하며, 세부 일정은 대학원장이 따로 정한다.","제3편 위원회_서울시립대학교 동물실험윤리위원회 규정_제5조(위원회의 운영) ② 위원회의 회의는 재적위원 과반수의 출석과 출석위원 과반수의 찬성으로 의결하며, 가부동수일 경우 위원장이 결정한다.",0.32823992
0,연계과정 학생이 선택되는 데 있어서 어떤 원칙이 적용되나요?,"제6조(선발시기 및 선발방법) ① 연계과정 학생은 매학기 1회 선발함을 원칙으로 하며, 세부 일정은 대학원장이 따로 정한다.","제4편 일반행정_입학사정관 윤리규정_제4조(윤리강령의 준수) 입학사정관은 본교의 대학이념과 교육목적에 부합하는 인재선발을 위하여 다음의 윤리강령을 준수하여야 한다.
1. 입학사정관은 지원자의 존엄성과 대학입학과정의 노력을 존중한다.
2. 입학사정관은 학생선발과정에 있어서 지원자 및 지원자 가족의 성, 연령, 국적, 종교, 인종, 경제적 지위, 장애, 출신학교 등을 이유로 불이익을 주거나 차별하지 않는다.
3. 입학사정관은 양심에 따라 학생선발과정에서 원칙과 규정에 입각하여 공정하게 업무를 수행하여야 한다.",0.105697155
1,연계과정 학생이 선택되는 데 있어서 어떤 원칙이 적용되나요?,"제6조(선발시기 및 선발방법) ① 연계과정 학생은 매학기 1회 선발함을 원칙으로 하며, 세부 일정은 대학원장이 따로 정한다.",제2편 학사행정 대학원_도시과학대학원시행세칙_제2장 입학 및 학적관리_제8조(입학전형․사정․허가) ④ 대학원위원회는 각 학과별 전형 실시 결과 적격 판정을 받은 사람에 대하여 합격 여부를 사정한다.,0.18960905
2,연계과정 학생이 선택되는 데 있어서 어떤 원칙이 적용되나요?,"제6조(선발시기 및 선발방법) ① 연계과정 학생은 매학기 1회 선발함을 원칙으로 하며, 세부 일정은 대학원장이 따로 정한다.","제2편 학사행정 대학원_과학기술대학원 시행세칙_제1장 총칙_제6조(입학배정인원) ① 각 학과의 입학배정인원은 대학원위원회에서 정하며, 그 배정방법은 별표 1과 같다.",0.28747654
3,연계과정 학생이 선택되는 데 있어서 어떤 원칙이 적용되나요?,"제6조(선발시기 및 선발방법) ① 연계과정 학생은 매학기 1회 선발함을 원칙으로 하며, 세부 일정은 대학원장이 따로 정한다.",제3편 위원회_선행학습 영향평가 규정_제2조(위원회 명칭) 우리 대학의 대학별고사가 고등학교 교육과정의 범위와 수준 안의 내용을 출제 또는 평가하는지 여부와 선행학습 유발 요인이 존재하는지 여부 등 영향평가를 실시하기 위하여 ‘선행학습 자체영향평가위원회’(이하‘위원회’라 한다)를 둔다.,0.2881186
4,연계과정 학생이 선택되는 데 있어서 어떤 원칙이 적용되나요?,"제6조(선발시기 및 선발방법) ① 연계과정 학생은 매학기 1회 선발함을 원칙으로 하며, 세부 일정은 대학원장이 따로 정한다.","제2편 학사행정 대학원_세무전문대학원 시행세칙_제1장 총 칙_제6조(세무전문대학원위원회) ⑧ 대학원위원회는 다음 각 호에 관한 주요 사항을 심의∙의결한다.1. 입학, 퇴학, 재입학, 수료, 학위수여와 졸업에 관한 사항2. 학생징계에 관한 사항3. 전공과정 및 연구과정의 설치․폐지 및 입학정원의 조정에 관한 사항4. 특별강좌 및 공개강좌의 설치․폐지 및 운영에 관한 사항5. 교과과정 및 강의계획에 관한 사항6. 장학금 및 연구비의 지급에 관한 사항7. 시행세칙 등 제 규정의 제정 및 개폐에 관한 사항8. 대학원 및 관련 부속기관의 예산 및 결산에 관한 사항9. 학부 관련학과 및 대학원 간 교육과정 및 운영의 통일성과 일관성 유지에 관한 사항10. 기타 대학원 운영 및 학사에 관한 사항",0.34550023
5,연계과정 학생이 선택되는 데 있어서 어떤 원칙이 적용되나요?,"제6조(선발시기 및 선발방법) ① 연계과정 학생은 매학기 1회 선발함을 원칙으로 하며, 세부 일정은 대학원장이 따로 정한다.",제3편 위원회_대학자체평가규정_제1조(목적) 이 규정은 교육여건 개선 및 교육․연구 등의 질적 향상을 위하여 실시하는 본교의 대학자체평가에 관한 필요사항을 규정함을 목적으로 한다.,0.3555436
6,연계과정 학생이 선택되는 데 있어서 어떤 원칙이 적용되나요?,"제6조(선발시기 및 선발방법) ① 연계과정 학생은 매학기 1회 선발함을 원칙으로 하며, 세부 일정은 대학원장이 따로 정한다.",제2편 학사행정 대학원_교육대학원 시행세칙_제1장 총 칙_제6조(입학배정과 배정인원) ② 각 전공별 입학배정인원은 대학원위원회에서 지원자수를 고려하여 정한다,0.3559537
7,연계과정 학생이 선택되는 데 있어서 어떤 원칙이 적용되나요?,"제6조(선발시기 및 선발방법) ① 연계과정 학생은 매학기 1회 선발함을 원칙으로 하며, 세부 일정은 대학원장이 따로 정한다.",제2편 학사행정 대학원_과학기술대학원 시행세칙_제2장 입학 및 학적관리_제8조(입학전형·사정) ④ 대학원위원회는 각 학과별 전형 실시 결과 적격 판정을 받은 사람에 대하여 합격 여부를 사정한다,0.39177084
8,연계과정 학생이 선택되는 데 있어서 어떤 원칙이 적용되나요?,"제6조(선발시기 및 선발방법) ① 연계과정 학생은 매학기 1회 선발함을 원칙으로 하며, 세부 일정은 대학원장이 따로 정한다.",제2편 학사행정 대학원_세무전문대학원 시행세칙_제1장 총 칙_제6조(세무전문대학원위원회) ④ 대학원장은 제5조에 제시된 대학원의 교육 및 연구 분야의 대표성 및 균형을 고려하여 대학원위원회 위원을 제청하여야 한다.,0.39319324
9,연계과정 학생이 선택되는 데 있어서 어떤 원칙이 적용되나요?,"제6조(선발시기 및 선발방법) ① 연계과정 학생은 매학기 1회 선발함을 원칙으로 하며, 세부 일정은 대학원장이 따로 정한다.","제2편 학사행정 대학원_도시보건대학원 시행세칙_제2장 입학 및 학적관리
제1절 입학_제8조(입학전형·사정‧허가) ④ 대학원위원회는 적격 판정을 받은 사람에 대하여 합격 여부를 사정한다.",0.4024725
10,연계과정 학생이 선택되는 데 있어서 어떤 원칙이 적용되나요?,"제6조(선발시기 및 선발방법) ① 연계과정 학생은 매학기 1회 선발함을 원칙으로 하며, 세부 일정은 대학원장이 따로 정한다.","제2편 학사행정 대학원_법학전문대학원 학칙_제7장 학생활동과 장학금_제46조(학생활동) ② 학생은 자치활동을 함에 있어서 학칙을 준수하여야 하며, 학생으로서의 본분을 다해야 한다.",0.41514468
11,연계과정 학생이 선택되는 데 있어서 어떤 원칙이 적용되나요?,"제6조(선발시기 및 선발방법) ① 연계과정 학생은 매학기 1회 선발함을 원칙으로 하며, 세부 일정은 대학원장이 따로 정한다.","제3편 위원회_선행학습 영향평가 규정_제1조(목적) 이 규정은『공교육 정상화 촉진 및 선행교육 규제에 관한 특별법』과 관련하여 서울시립대학교 입학전형(대학별고사)이 선행교육 및 선행학습에 영향을 줄 수 있는 부분을 연구하여 입학전형에 반영하고, 이와 관련한 평가의 방법·절차·위원회 구성 등을 규정함을 목적으로 한다.",0.42101264
12,연계과정 학생이 선택되는 데 있어서 어떤 원칙이 적용되나요?,"제6조(선발시기 및 선발방법) ① 연계과정 학생은 매학기 1회 선발함을 원칙으로 하며, 세부 일정은 대학원장이 따로 정한다.","제2편 학사행정 대학원_세무전문대학원 시행세칙_제7장 연구과정_제91조(교과과정과 이수학점) ① 계약학과의 교과과정은 대학원위원회에서 해당 계약학과의 성격, 수강생 등을 반영하여 결정한다.",0.42749786
13,연계과정 학생이 선택되는 데 있어서 어떤 원칙이 적용되나요?,"제6조(선발시기 및 선발방법) ① 연계과정 학생은 매학기 1회 선발함을 원칙으로 하며, 세부 일정은 대학원장이 따로 정한다.","제2편 학사행정 대학원_산업대학원시행세칙_제1장 총 칙_제4조(산업대학원위원회) ②위원회는 다음 각 호의 사항을 심의 의결한다. 1. 학생의 입학, 징계, 수료 및 학위수여에 관한 사항 2. 학과, 전공의 설치와 폐지 및 학생정원에 관한 사항 3. 수업계획에 관한 사항 4. 학위 또는 본 대학원 학칙 시행세칙 규정 등의 개․폐에 관한 사항 5. 장학금 및 연구보조금의 지급에 관한 사항 6. 기타 대학원 운영에 관한 사항",0.43677378
14,연계과정 학생이 선택되는 데 있어서 어떤 원칙이 적용되나요?,"제6조(선발시기 및 선발방법) ① 연계과정 학생은 매학기 1회 선발함을 원칙으로 하며, 세부 일정은 대학원장이 따로 정한다.","제3편 위원회_서울시립대학교 교원윤리규정_제7조 (공정한 학사관리) 교원은 학생의 성적평가에 공정성을 유지하고 교육과 관련된 학칙과 제반 학사규정을 성실히 준수하여야 한다. 
제 3장 일반적 윤리",0.457237
15,연계과정 학생이 선택되는 데 있어서 어떤 원칙이 적용되나요?,"제6조(선발시기 및 선발방법) ① 연계과정 학생은 매학기 1회 선발함을 원칙으로 하며, 세부 일정은 대학원장이 따로 정한다.",제2편 학사행정 대학원_서울시립대학교 통합 대학원 학칙_제7장 학생활동과 장학금_제48조(학생의 의무) ② 학생은 연구를 수행하는 과정에서 본교의 연구윤리에 관한 제반규정을 준수하여야 한다,0.47088766
16,연계과정 학생이 선택되는 데 있어서 어떤 원칙이 적용되나요?,"제6조(선발시기 및 선발방법) ① 연계과정 학생은 매학기 1회 선발함을 원칙으로 하며, 세부 일정은 대학원장이 따로 정한다.","제2편 학사행정 대학원_과학기술대학원 시행세칙_제4장 교육과정
제1절 교과목의 이수_제18조(교과목의 편성과 이수) ② 학생이 이수하여야 할 교육과정과 이수방법 등에 관한 세부사항은 대학원위원회의 심의를 거쳐 대학원장이 정한다.",0.47612143
17,연계과정 학생이 선택되는 데 있어서 어떤 원칙이 적용되나요?,"제6조(선발시기 및 선발방법) ① 연계과정 학생은 매학기 1회 선발함을 원칙으로 하며, 세부 일정은 대학원장이 따로 정한다.","제2편 학사행정 대학원_교육대학원 시행세칙_제1장 총 칙_제5조(교육대학원위원회) ② 대학원위원회는 다음 각 호의 사항을 심의한다. 1. 이 시행세칙 및 대학원 개별사항에 대한 학칙, 제 규정의 제정 및 개폐에 관한 사항 2. 입학, 자퇴, 재입학 및 과정의 수료와 졸업에 관한 사항 3. 학생징계에 관한 사항 4. 전공과정의 설치․폐지 및 학생정원에 관한 사항  5. 교과과정 및 강의계획에 관한 사항 6. 장학금지급에 관한 사항 7. 공개강좌 설치 및 운영에 관한 사항 8. 학위수여에 관한 사항 9. 대학원 또는 대학원위원회의 제 규정 및 시행세칙 등의 제정에 관한 사항 10. 대학원의 예산 및 결산에 관한 사항 11. 기타 대학원의 운영에 관한 사항",0.48184705
18,연계과정 학생이 선택되는 데 있어서 어떤 원칙이 적용되나요?,"제6조(선발시기 및 선발방법) ① 연계과정 학생은 매학기 1회 선발함을 원칙으로 하며, 세부 일정은 대학원장이 따로 정한다.","제2편 학사행정 대학원_법학전문대학원 시행세칙_제2장 성적의 처리_제61조(성적의 등급, 평점평균) ⑥ 대학원장은 교과목의 특성 등에 비추어 제3항의 기준이 적절하지 아니한 경우에는 교육과정심의위원 회의 심의를 거쳐 달리 정할 수 있다. (개정 2011.3.11. 2014.7.24)▶[문구보충해석]1. 타법학전문대학원과 동일한 규정을 적용2. 소수점 이하 정수의 의미는 과거 3.5이상일 경우 반올림하여 4명에게 줄 수 있는 비율을 등급비율(정수)에 따라서 3.5 미만이더라도 학교의 재량에 따라 3명 혹은 4명을 줄 수 있음을 의미함",0.4869423
19,연계과정 학생이 선택되는 데 있어서 어떤 원칙이 적용되나요?,"제6조(선발시기 및 선발방법) ① 연계과정 학생은 매학기 1회 선발함을 원칙으로 하며, 세부 일정은 대학원장이 따로 정한다.","제2편 학사행정 대학원_법학전문대학원 학칙_제7장 학생활동과 장학금_제51조(장학금 등) ① 학생에게 장학금을 지급할 수 있으며, 장학생의 선발에 있어서는 학생의 경제적 여건을 우선적으로 고려한다.",0.48861408
20,연계과정 학생이 선택되는 데 있어서 어떤 원칙이 적용되나요?,"제6조(선발시기 및 선발방법) ① 연계과정 학생은 매학기 1회 선발함을 원칙으로 하며, 세부 일정은 대학원장이 따로 정한다.","제2편 학사행정 대학원_과학기술대학원 시행세칙_제2장 입학 및 학적관리_제8조(입학전형·사정) ② 일반전형은 서류심사와 구술심사로 구성하고, 배점은 각 100점으로 하되, 구체적인 기준은 대학원위원회에서 정한다.",0.49243307
21,연계과정 학생이 선택되는 데 있어서 어떤 원칙이 적용되나요?,"제6조(선발시기 및 선발방법) ① 연계과정 학생은 매학기 1회 선발함을 원칙으로 하며, 세부 일정은 대학원장이 따로 정한다.",제2편 학사행정 대학원_법학전문대학원 학칙_제5장 교육과정_제38조(교내․외 학점교류에 의한 학점인정) ③ 제1항 및 제2항에 따른 학점인정은 교육과정심의위원회의 심의를 거쳐야 한다.,0.49304867
22,연계과정 학생이 선택되는 데 있어서 어떤 원칙이 적용되나요?,"제6조(선발시기 및 선발방법) ① 연계과정 학생은 매학기 1회 선발함을 원칙으로 하며, 세부 일정은 대학원장이 따로 정한다.",제2편 학사행정 대학원_서울시립대학교 통합 대학원 학칙_제1장 총칙_제9조(운영조직) ③ 통합대학원위원회는 다음 각 호의 사항을 심의한다. 1. 이 학칙과 제 규정 등의 제정 및 개폐에 관한 사항 2. 각 대학원 간 총 입학정원 조정에 관한 사항 3. 그 밖에 대학원 통합 운영 및 학사에 관한 주요사항,0.5198102
23,연계과정 학생이 선택되는 데 있어서 어떤 원칙이 적용되나요?,"제6조(선발시기 및 선발방법) ① 연계과정 학생은 매학기 1회 선발함을 원칙으로 하며, 세부 일정은 대학원장이 따로 정한다.","제3편 위원회_선행학습 영향평가 규정_제3조(위원회 구성) ③ 위촉위원은 전문성을 고려하여 입학사정관(교수, 채용), 입학담당직원, 전임교원, 현직교사, 교육전문가, 학부모 등으로 구성한다.",0.52189445
24,연계과정 학생이 선택되는 데 있어서 어떤 원칙이 적용되나요?,"제6조(선발시기 및 선발방법) ① 연계과정 학생은 매학기 1회 선발함을 원칙으로 하며, 세부 일정은 대학원장이 따로 정한다.","제2편 학사행정 대학원_교육대학원 시행세칙_제4장 교육과정
제1절 교과목의 이수_제48조(학위수여 사정과 보고) ② 대학원위원회는 자격 확인의 지연 등 불가피한 사유로 인하여 학위수여요건을 충족하지 못한 사람에 대하여 조건부로 학위수여를 결정할 수 있다. 이 경우 최종적으로 조건의 미이행이 확정된 경우 학위는 취소된다.",0.5229106
25,연계과정 학생이 선택되는 데 있어서 어떤 원칙이 적용되나요?,"제6조(선발시기 및 선발방법) ① 연계과정 학생은 매학기 1회 선발함을 원칙으로 하며, 세부 일정은 대학원장이 따로 정한다.",제2편 학사행정 학생관련행정_학생생활지도규정_제4장 학생포상_제9조(포상의 종류) ① 학칙 제84조의 규정에 의하여 학생포상의 종류는 입학․졸업․재학포상으로 구분한다.,0.523365
26,연계과정 학생이 선택되는 데 있어서 어떤 원칙이 적용되나요?,"제6조(선발시기 및 선발방법) ① 연계과정 학생은 매학기 1회 선발함을 원칙으로 하며, 세부 일정은 대학원장이 따로 정한다.","제2편 학사행정 대학원_서울시립대학교 경영대학원 시행세칙_제2장 입학 및 학적관리
제1절 입학_제7조(입학전형·사정‧허가) ④ 대학원위원회는 각 전형 실시 결과 적격 판정을 받은 사람에 대하여 합격 여부를 사정한다.",0.5235951
27,연계과정 학생이 선택되는 데 있어서 어떤 원칙이 적용되나요?,"제6조(선발시기 및 선발방법) ① 연계과정 학생은 매학기 1회 선발함을 원칙으로 하며, 세부 일정은 대학원장이 따로 정한다.","제2편 학사행정 학생관련행정_학생생활지도규정_제3장 학생회의 조직과 운영_제6조(조직 및 운영) ② 학생회 조직 및 운영에 관하여 필요한 사항은 학생회에서 학생회칙으로 정하되, 학칙 및 관계규정을 준수하여야 한다",0.53354025
28,연계과정 학생이 선택되는 데 있어서 어떤 원칙이 적용되나요?,"제6조(선발시기 및 선발방법) ① 연계과정 학생은 매학기 1회 선발함을 원칙으로 하며, 세부 일정은 대학원장이 따로 정한다.","제3편 위원회_대학자체평가규정_제3조(평가시기) 대학자체평가는 2년마다 1회 이상 실시하여야 하며 구체적인 시기는 위원회에서 정한다. 다만, 「고등교육법」 제11조의2 제2항에 따라 인정기관에 의한 대학기관인증평가를 한 경우에는 이를 해당 연도 자체평가로 갈음할 수 있다. <개정 2019. 7.10.>",0.54144645
29,연계과정 학생이 선택되는 데 있어서 어떤 원칙이 적용되나요?,"제6조(선발시기 및 선발방법) ① 연계과정 학생은 매학기 1회 선발함을 원칙으로 하며, 세부 일정은 대학원장이 따로 정한다.",제2편 학사행정 대학원_법학전문대학원 학칙_제3장 입학_제21조(입학전형계획의 공표) ② 제1항에 따라 공표하는 입학전형계획에는 다음의 사항이 포함되어야 한다. 1. 공정한 학생선발의 절차 2. 입학전형자료의 종류 및 평가방법 3. 특별전형의 대상 및 기,0.5560434
30,연계과정 학생이 선택되는 데 있어서 어떤 원칙이 적용되나요?,"제6조(선발시기 및 선발방법) ① 연계과정 학생은 매학기 1회 선발함을 원칙으로 하며, 세부 일정은 대학원장이 따로 정한다.","제2편 학사행정 대학원_교육대학원 시행세칙_제1장 총 칙_제1조(목적) 이 시행세칙은 서울시립대학교(이하 ""본교""라 한다) 통합 대학원 학칙(이하 “학칙”이라 한다)의 규정에 따라 교육대학원(이하 ""대학원""이라 한다)의 교육조직, 학사운영 및 교육과정 등에 관한 세부사항을 정함을 목적으로 한다.",0.5576906
31,연계과정 학생이 선택되는 데 있어서 어떤 원칙이 적용되나요?,"제6조(선발시기 및 선발방법) ① 연계과정 학생은 매학기 1회 선발함을 원칙으로 하며, 세부 일정은 대학원장이 따로 정한다.","제2편 학사행정 대학원_법학전문대학원 시행세칙_제2장 성적의 처리_제57조(성적처리의 원칙) 성적의 처리는 ｢서울시립대학교 대학원 학칙｣ 및 학칙 등 관련규정과 수업계획서에 제시된 기준에 따라야 하며, 객관적 근거에 입각하여 공정하게 이루어져야 한다.",0.5670724
32,연계과정 학생이 선택되는 데 있어서 어떤 원칙이 적용되나요?,"제6조(선발시기 및 선발방법) ① 연계과정 학생은 매학기 1회 선발함을 원칙으로 하며, 세부 일정은 대학원장이 따로 정한다.","제3편 위원회_서울시립대학교 교무위원회 규정_제3조(위원회의 심의사항) 위원회는 다음에 관한 사항을 심의한다.
 1. 대학, 학부, 학과, 부속기관 및 부설연구기관의 설치와 폐지 <개정 2023.2.6.>
 2. 학칙, 제․규정의 제정과 변경
 3. 입학, 수료 및 졸업
 4. 고사 및 시험
 5. 학생지도, 장학 및 후생
 6. 대학간의 조정을 요하는 사항
 7. 연구비, 장학금 등 제보조금의 지급
 8. 예산 및 결산
 9. 기타 필요하다고 인정하는 사항",0.5799475
33,연계과정 학생이 선택되는 데 있어서 어떤 원칙이 적용되나요?,"제6조(선발시기 및 선발방법) ① 연계과정 학생은 매학기 1회 선발함을 원칙으로 하며, 세부 일정은 대학원장이 따로 정한다.",제2편 학사행정 대학원_서울시립대학교 국제도시과학대학원 시행세칙_제1장 총 칙_제6조(입학배정인원) ② 각 학과별 입학배정인원은 대학원위원회에서 정한다.,0.58070374
34,연계과정 학생이 선택되는 데 있어서 어떤 원칙이 적용되나요?,"제6조(선발시기 및 선발방법) ① 연계과정 학생은 매학기 1회 선발함을 원칙으로 하며, 세부 일정은 대학원장이 따로 정한다.","제2편 학사행정 대학원_도시과학대학원시행세칙_제4장 교육과정
제1절 교과목의 이수_제18조(교과목 편성과 이수) ④ 그 밖에 학생이 이수하여야 할 교육과정과 이수방법 등에 관한 세부사항은 대학원위원회의 심의를 거쳐 대학원장이 정한다",0.5891242
35,연계과정 학생이 선택되는 데 있어서 어떤 원칙이 적용되나요?,"제6조(선발시기 및 선발방법) ① 연계과정 학생은 매학기 1회 선발함을 원칙으로 하며, 세부 일정은 대학원장이 따로 정한다.","제4편 일반행정_입학사정관 인사관리 시행세칙_제17조(윤리규범) 입학사정관은 다음 각 호의 사항을 준수하여야 한다. 
 1. 서울시립대학교 입학사정관 윤리규정(2012.2.24)
 2. 고등교육법 제34조의 3(2012.2.24)",0.5897546
36,연계과정 학생이 선택되는 데 있어서 어떤 원칙이 적용되나요?,"제6조(선발시기 및 선발방법) ① 연계과정 학생은 매학기 1회 선발함을 원칙으로 하며, 세부 일정은 대학원장이 따로 정한다.","제1편 학칙 및 설치근거_서울시립대학교 학사내규_제9장 재입학, 편입학 및 학사편입학_제58조(편입학자의 규정준용) 편입학시험에 관한 지원자격, 선발요령, 지원서류 등은 신입생 입학에 관한 규정을 준용한다.",0.5928469
37,연계과정 학생이 선택되는 데 있어서 어떤 원칙이 적용되나요?,"제6조(선발시기 및 선발방법) ① 연계과정 학생은 매학기 1회 선발함을 원칙으로 하며, 세부 일정은 대학원장이 따로 정한다.",제2편 학사행정 대학원_서울시립대학교 통합 대학원 학칙_제6장 학위수여_제43조(지도교수 및 논문지도위원회) ① 학생은 해당 대학원장이 정하는 절차에 따라 지도교수를 선정하여 수업 및 연구의 지도를 받아야 한다.,0.5938587
38,연계과정 학생이 선택되는 데 있어서 어떤 원칙이 적용되나요?,"제6조(선발시기 및 선발방법) ① 연계과정 학생은 매학기 1회 선발함을 원칙으로 하며, 세부 일정은 대학원장이 따로 정한다.","제3편 위원회_선행학습 영향평가 규정_제5조(위원회 기능) 위원회는 다음 각 호의 사항을 심의한다.
 1. 선행학습 영향평가 진행절차 및 방법에 관한 사항
 2. 고교 교육과정 내 출제를 위한 대학의 노력에 관한 사항 
 3. 고교 교육과정 내 출제 여부 분석에 관한 사항
 4. 향후 대입전형 반영 계획 및 개선 노력에 관한 사항
 5. 기타 선행학습 영향평가 운영에 관한 사항",0.60381985
39,연계과정 학생이 선택되는 데 있어서 어떤 원칙이 적용되나요?,"제6조(선발시기 및 선발방법) ① 연계과정 학생은 매학기 1회 선발함을 원칙으로 하며, 세부 일정은 대학원장이 따로 정한다.","제2편 학사행정 대학원_법학전문대학원 시행세칙_제3장 업무분장(개정 2019.12.20.)_제109조(학생담당) 학생담당은 다음의 업무를 담당한다. (개정 2019.12.20.)
 1. 학생지원업무 전반에 관한 사항
 2. 학생의 고충처리에 관한 사항
 3. 장학업무에 관한 사항
 4. 학생회활동 지원에 관한 사항
 5. 학생 후생복지업무에 관한 사항
 6. 학생 학술활동 지원에 관한 사항
 7. 홈페이지 유지 및 관리에 관한 사항(개정 2010. 2. 1)",0.6137421
40,연계과정 학생이 선택되는 데 있어서 어떤 원칙이 적용되나요?,"제6조(선발시기 및 선발방법) ① 연계과정 학생은 매학기 1회 선발함을 원칙으로 하며, 세부 일정은 대학원장이 따로 정한다.","제4편 일반행정_진로개발상담교수제 운영규정_제5조(상담교수 선택) 상담교수는 학생이 자율적으로 선택하되, 교수 1인당 상담인원은 해당 학부․과 평균 상담인원의 2분의 3을 초과할 수 없다. 다만, 학부․과 교수의 협의를 거쳐 학부․ 과장이 조정할 수 있다. 제6조(상담교과목 이수) ① 학생은 매학기 2회이상 상담교수와 대면상담을 하고, 자신에 대한 상담기록을 대학행정정보시스템에서 확인함으로써 상담교과목을 이수한다.",0.6140425
41,연계과정 학생이 선택되는 데 있어서 어떤 원칙이 적용되나요?,"제6조(선발시기 및 선발방법) ① 연계과정 학생은 매학기 1회 선발함을 원칙으로 하며, 세부 일정은 대학원장이 따로 정한다.","제4편 일반행정_진로개발상담교수제 운영규정_제5조(상담교수 선택) 상담교수는 학생이 자율적으로 선택하되, 교수 1인당 상담인원은 해당 학부․과 평균 상담인원의 2분의 3을 초과할 수 없다. 다만, 학부․과 교수의 협의를 거쳐 학부․ 과장이 조정할 수 있다. 제6조(상담교과목 이수) ② 상담교과목의 평가는 “이수(S), 미이수(U)"" 방식으로 표기한다. 제7조(상담유형) 상담은 대면상담과 온라인상담으로 구분하되, 대면상담은 교수와 학생의 1:1 상담을 말한다. 제8조(상담시수)",0.6140425
42,연계과정 학생이 선택되는 데 있어서 어떤 원칙이 적용되나요?,"제6조(선발시기 및 선발방법) ① 연계과정 학생은 매학기 1회 선발함을 원칙으로 하며, 세부 일정은 대학원장이 따로 정한다.","제4편 일반행정_진로개발상담교수제 운영규정_제5조(상담교수 선택) 상담교수는 학생이 자율적으로 선택하되, 교수 1인당 상담인원은 해당 학부․과 평균 상담인원의 2분의 3을 초과할 수 없다. 다만, 학부․과 교수의 협의를 거쳐 학부․ 과장이 조정할 수 있다. 제6조(상담교과목 이수) ① 1회 대면상담은 수업시수 1시간을 원칙으로 한다.",0.6140425
43,연계과정 학생이 선택되는 데 있어서 어떤 원칙이 적용되나요?,"제6조(선발시기 및 선발방법) ① 연계과정 학생은 매학기 1회 선발함을 원칙으로 하며, 세부 일정은 대학원장이 따로 정한다.","제4편 일반행정_진로개발상담교수제 운영규정_제5조(상담교수 선택) 상담교수는 학생이 자율적으로 선택하되, 교수 1인당 상담인원은 해당 학부․과 평균 상담인원의 2분의 3을 초과할 수 없다. 다만, 학부․과 교수의 협의를 거쳐 학부․ 과장이 조정할 수 있다. 제6조(상담교과목 이수) ② 제4조 제3항의 규정에도 불구하고, 교수 1인당 상담인원이 15명을 초과할 경우, 학기당 30시간 이상을 유지하는 범 위에서 상담시간과 횟수를 조정할 수 있다. 이 경우, 모든 학생은 최소 1회 이상의 대면상담을 하여야 한다. 제 3 장 상담교",0.6140425
44,연계과정 학생이 선택되는 데 있어서 어떤 원칙이 적용되나요?,"제6조(선발시기 및 선발방법) ① 연계과정 학생은 매학기 1회 선발함을 원칙으로 하며, 세부 일정은 대학원장이 따로 정한다.",제1편 학칙 및 설치근거_서울시립대학교 운영에 관한 조례_제9조(대학교 교원 임용의 양성평등) ① 「교육공무원법」 제11조의5제4항에 따른 교원의 성별 구성에 관한 연도별 목표비율은 별표와 같이 한다.,0.6192074
45,연계과정 학생이 선택되는 데 있어서 어떤 원칙이 적용되나요?,"제6조(선발시기 및 선발방법) ① 연계과정 학생은 매학기 1회 선발함을 원칙으로 하며, 세부 일정은 대학원장이 따로 정한다.","제2편 학사행정 학생관련행정_학생생활지도규정_제1장 총 칙_제1조(목적) 본 규정은 서울시립대학교 학칙(이하 “학칙”이라 한다) 제80조, 제81조, 제84조 및 제85조의 규정에 의하여 학생 단체의 조직과 운영, 학생 포상․징계 및 건전하고 합리적인 학내․외 동아리 활동, 학생증의 발급 및 관리에 필요한 세부 규정을 정함을 목적으로 한다.",0.6245413
46,연계과정 학생이 선택되는 데 있어서 어떤 원칙이 적용되나요?,"제6조(선발시기 및 선발방법) ① 연계과정 학생은 매학기 1회 선발함을 원칙으로 하며, 세부 일정은 대학원장이 따로 정한다.",제2편 학사행정 대학원_법학전문대학원 학칙_제2장 조직_제11조(교육과정심의위원회) ② 위원장과 위원은 본 대학원 소속 전임교원 중에서 대학원장의 제청으로 총장이 임명한다. 대학원장은 위원의 임명을 제청함에 있어서 전공분야 간의 균형 등을 고려하여야 한다,0.62725925
47,연계과정 학생이 선택되는 데 있어서 어떤 원칙이 적용되나요?,"제6조(선발시기 및 선발방법) ① 연계과정 학생은 매학기 1회 선발함을 원칙으로 하며, 세부 일정은 대학원장이 따로 정한다.","제3편 위원회_등록금심의위원회 운영규정_제2조(구성) ①위원회는 다음 각 호의 위원으로 구성한다. 이 경우 학생위원은 전체 위원 정수의 10분의 3이상이 되도록 한다.(개정 2011.12.30.)(개정 2013.1.28) 1. 학생처장, 기획처장, 행정처장(2011.10. 6) 2. 교수회가 추천하는 교수 1명 3. 총학생회 정․부회장 각 1명 4. 대의원회의가 추천하는 단과대학 정학생회장 대표 2명 5. 총장이 추천하는 관련 전문가 1명 6. 총학생회가 추천하는 동문 1명",0.6321502
48,연계과정 학생이 선택되는 데 있어서 어떤 원칙이 적용되나요?,"제6조(선발시기 및 선발방법) ① 연계과정 학생은 매학기 1회 선발함을 원칙으로 하며, 세부 일정은 대학원장이 따로 정한다.",제2편 학사행정 대학원_과학기술대학원 시행세칙_제1장 총칙_제6조(입학배정인원) ② 그 밖에 입학배정에 관한 사항은 대학원위원회의 심의를 거쳐 대학원장이 따로 정할 수 있다.,0.634501
49,연계과정 학생이 선택되는 데 있어서 어떤 원칙이 적용되나요?,"제6조(선발시기 및 선발방법) ① 연계과정 학생은 매학기 1회 선발함을 원칙으로 하며, 세부 일정은 대학원장이 따로 정한다.",제1편 학칙 및 설치근거_서울시립대학교 학칙_제3장 집행조직_제26조의18(학생미래지원센터 및 비교과교육과정위원회․진로교육위원회) ② 비교과 교육에 관한 사항을 심의하기 위하여 비교과교육과정위원회를 둔다.,0.6350398
0,연계과정 학생의 선발은 어떻게 이루어지나요?,"제6조(선발시기 및 선발방법) ① 연계과정 학생은 매학기 1회 선발함을 원칙으로 하며, 세부 일정은 대학원장이 따로 정한다.",제2편 학사행정 대학원_도시과학대학원시행세칙_제2장 입학 및 학적관리_제8조(입학전형․사정․허가) ④ 대학원위원회는 각 학과별 전형 실시 결과 적격 판정을 받은 사람에 대하여 합격 여부를 사정한다.,0.3026476
1,연계과정 학생의 선발은 어떻게 이루어지나요?,"제6조(선발시기 및 선발방법) ① 연계과정 학생은 매학기 1회 선발함을 원칙으로 하며, 세부 일정은 대학원장이 따로 정한다.","제3편 위원회_선행학습 영향평가 규정_제3조(위원회 구성) ③ 위촉위원은 전문성을 고려하여 입학사정관(교수, 채용), 입학담당직원, 전임교원, 현직교사, 교육전문가, 학부모 등으로 구성한다.",0.3404503
2,연계과정 학생의 선발은 어떻게 이루어지나요?,"제6조(선발시기 및 선발방법) ① 연계과정 학생은 매학기 1회 선발함을 원칙으로 하며, 세부 일정은 대학원장이 따로 정한다.","제2편 학사행정 대학원_도시보건대학원 시행세칙_제2장 입학 및 학적관리
제1절 입학_제8조(입학전형·사정‧허가) ④ 대학원위원회는 적격 판정을 받은 사람에 대하여 합격 여부를 사정한다.",0.34964275
3,연계과정 학생의 선발은 어떻게 이루어지나요?,"제6조(선발시기 및 선발방법) ① 연계과정 학생은 매학기 1회 선발함을 원칙으로 하며, 세부 일정은 대학원장이 따로 정한다.","제2편 학사행정 대학원_과학기술대학원 시행세칙_제1장 총칙_제6조(입학배정인원) ① 각 학과의 입학배정인원은 대학원위원회에서 정하며, 그 배정방법은 별표 1과 같다.",0.35660887
4,연계과정 학생의 선발은 어떻게 이루어지나요?,"제6조(선발시기 및 선발방법) ① 연계과정 학생은 매학기 1회 선발함을 원칙으로 하며, 세부 일정은 대학원장이 따로 정한다.",제2편 학사행정 대학원_교육대학원 시행세칙_제1장 총 칙_제6조(입학배정과 배정인원) ② 각 전공별 입학배정인원은 대학원위원회에서 지원자수를 고려하여 정한다,0.37550473
5,연계과정 학생의 선발은 어떻게 이루어지나요?,"제6조(선발시기 및 선발방법) ① 연계과정 학생은 매학기 1회 선발함을 원칙으로 하며, 세부 일정은 대학원장이 따로 정한다.","제4편 일반행정_입학사정관 윤리규정_제4조(윤리강령의 준수) 입학사정관은 본교의 대학이념과 교육목적에 부합하는 인재선발을 위하여 다음의 윤리강령을 준수하여야 한다.
1. 입학사정관은 지원자의 존엄성과 대학입학과정의 노력을 존중한다.
2. 입학사정관은 학생선발과정에 있어서 지원자 및 지원자 가족의 성, 연령, 국적, 종교, 인종, 경제적 지위, 장애, 출신학교 등을 이유로 불이익을 주거나 차별하지 않는다.
3. 입학사정관은 양심에 따라 학생선발과정에서 원칙과 규정에 입각하여 공정하게 업무를 수행하여야 한다.",0.46421123
6,연계과정 학생의 선발은 어떻게 이루어지나요?,"제6조(선발시기 및 선발방법) ① 연계과정 학생은 매학기 1회 선발함을 원칙으로 하며, 세부 일정은 대학원장이 따로 정한다.",제2편 학사행정 대학원_과학기술대학원 시행세칙_제2장 입학 및 학적관리_제8조(입학전형·사정) ④ 대학원위원회는 각 학과별 전형 실시 결과 적격 판정을 받은 사람에 대하여 합격 여부를 사정한다,0.46697903
7,연계과정 학생의 선발은 어떻게 이루어지나요?,"제6조(선발시기 및 선발방법) ① 연계과정 학생은 매학기 1회 선발함을 원칙으로 하며, 세부 일정은 대학원장이 따로 정한다.",제1편 학칙 및 설치근거_서울시립대학교 학칙_제7장 입학(편입학·재입학·전과 포함)_제45조(신입생 선발) ② 대학입학 전형의 공정한 관리를 위하여 입학전형공정관리대책위원회를 둔다.,0.4910946
8,연계과정 학생의 선발은 어떻게 이루어지나요?,"제6조(선발시기 및 선발방법) ① 연계과정 학생은 매학기 1회 선발함을 원칙으로 하며, 세부 일정은 대학원장이 따로 정한다.","제2편 학사행정 학사업무_서울시립대학교 학·석사연계과정 운영규정_제5조(선발인원) 연계과정 선발인원은 석사과정 입학정원의 100분의 40이내에서 결정하되, 구체적인 선발인원은 대학원장이 정한다. <개정 2022. 4.15.>",0.5059843
9,연계과정 학생의 선발은 어떻게 이루어지나요?,"제6조(선발시기 및 선발방법) ① 연계과정 학생은 매학기 1회 선발함을 원칙으로 하며, 세부 일정은 대학원장이 따로 정한다.",제3편 위원회_선행학습 영향평가 규정_제2조(위원회 명칭) 우리 대학의 대학별고사가 고등학교 교육과정의 범위와 수준 안의 내용을 출제 또는 평가하는지 여부와 선행학습 유발 요인이 존재하는지 여부 등 영향평가를 실시하기 위하여 ‘선행학습 자체영향평가위원회’(이하‘위원회’라 한다)를 둔다.,0.5080037
10,연계과정 학생의 선발은 어떻게 이루어지나요?,"제6조(선발시기 및 선발방법) ① 연계과정 학생은 매학기 1회 선발함을 원칙으로 하며, 세부 일정은 대학원장이 따로 정한다.","제2편 학사행정 대학원_과학기술대학원 시행세칙_제4장 교육과정
제1절 교과목의 이수_제18조(교과목의 편성과 이수) ② 학생이 이수하여야 할 교육과정과 이수방법 등에 관한 세부사항은 대학원위원회의 심의를 거쳐 대학원장이 정한다.",0.5149641
11,연계과정 학생의 선발은 어떻게 이루어지나요?,"제6조(선발시기 및 선발방법) ① 연계과정 학생은 매학기 1회 선발함을 원칙으로 하며, 세부 일정은 대학원장이 따로 정한다.","제2편 학사행정 대학원_법학전문대학원 학칙_제7장 학생활동과 장학금_제51조(장학금 등) ① 학생에게 장학금을 지급할 수 있으며, 장학생의 선발에 있어서는 학생의 경제적 여건을 우선적으로 고려한다.",0.53283024
12,연계과정 학생의 선발은 어떻게 이루어지나요?,"제6조(선발시기 및 선발방법) ① 연계과정 학생은 매학기 1회 선발함을 원칙으로 하며, 세부 일정은 대학원장이 따로 정한다.",제2편 학사행정 대학원_세무전문대학원 시행세칙_제7장 연구과정_제84조(장학생의 선정시기와 수혜기간) ① 당해 학기의 장학생은 전 학기 기간 중에 미리 선정하여야 한다.,0.53773546
13,연계과정 학생의 선발은 어떻게 이루어지나요?,"제6조(선발시기 및 선발방법) ① 연계과정 학생은 매학기 1회 선발함을 원칙으로 하며, 세부 일정은 대학원장이 따로 정한다.","제2편 학사행정 대학원_서울시립대학교 경영대학원 시행세칙_제2장 입학 및 학적관리
제1절 입학_제7조(입학전형·사정‧허가) ④ 대학원위원회는 각 전형 실시 결과 적격 판정을 받은 사람에 대하여 합격 여부를 사정한다.",0.53840995
14,연계과정 학생의 선발은 어떻게 이루어지나요?,"제6조(선발시기 및 선발방법) ① 연계과정 학생은 매학기 1회 선발함을 원칙으로 하며, 세부 일정은 대학원장이 따로 정한다.","제2편 학사행정 대학원_교육대학원 시행세칙_제4장 교육과정
제1절 교과목의 이수_제48조(학위수여 사정과 보고) ② 대학원위원회는 자격 확인의 지연 등 불가피한 사유로 인하여 학위수여요건을 충족하지 못한 사람에 대하여 조건부로 학위수여를 결정할 수 있다. 이 경우 최종적으로 조건의 미이행이 확정된 경우 학위는 취소된다.",0.5390496
15,연계과정 학생의 선발은 어떻게 이루어지나요?,"제6조(선발시기 및 선발방법) ① 연계과정 학생은 매학기 1회 선발함을 원칙으로 하며, 세부 일정은 대학원장이 따로 정한다.","제2편 학사행정 대학원_세무전문대학원 시행세칙_제7장 연구과정_제91조(교과과정과 이수학점) ① 계약학과의 교과과정은 대학원위원회에서 해당 계약학과의 성격, 수강생 등을 반영하여 결정한다.",0.54252076
16,연계과정 학생의 선발은 어떻게 이루어지나요?,"제6조(선발시기 및 선발방법) ① 연계과정 학생은 매학기 1회 선발함을 원칙으로 하며, 세부 일정은 대학원장이 따로 정한다.","제1편 학칙 및 설치근거_서울시립대학교 학칙_제8장 등록, 교과 및 학점_제59조의8(모듈형 교육과정) ① 학생의 실무능력 강화와 우수인재의 양성을 위하여 모듈형 교육과정을 운영할 수 있다.",0.54779315
17,연계과정 학생의 선발은 어떻게 이루어지나요?,"제6조(선발시기 및 선발방법) ① 연계과정 학생은 매학기 1회 선발함을 원칙으로 하며, 세부 일정은 대학원장이 따로 정한다.","제2편 학사행정 대학원_법학전문대학원 학칙_제7장 학생활동과 장학금_제46조(학생활동) ② 학생은 자치활동을 함에 있어서 학칙을 준수하여야 하며, 학생으로서의 본분을 다해야 한다.",0.54973364
18,연계과정 학생의 선발은 어떻게 이루어지나요?,"제6조(선발시기 및 선발방법) ① 연계과정 학생은 매학기 1회 선발함을 원칙으로 하며, 세부 일정은 대학원장이 따로 정한다.","제2편 학사행정 대학원_서울시립대학교 통합 대학원 학칙_제5장 교육과정_제35조(학점의 인정) ① 학생은 본교와 교류협정을 체결한 국내외 타 대학원, 본교 타 대학원·학과·전공과정·협동과정에서 학점을 취득할 수 있다.",0.55853343
19,연계과정 학생의 선발은 어떻게 이루어지나요?,"제6조(선발시기 및 선발방법) ① 연계과정 학생은 매학기 1회 선발함을 원칙으로 하며, 세부 일정은 대학원장이 따로 정한다.","제3편 위원회_대학자체평가규정_제3조(평가시기) 대학자체평가는 2년마다 1회 이상 실시하여야 하며 구체적인 시기는 위원회에서 정한다. 다만, 「고등교육법」 제11조의2 제2항에 따라 인정기관에 의한 대학기관인증평가를 한 경우에는 이를 해당 연도 자체평가로 갈음할 수 있다. <개정 2019. 7.10.>",0.56025815
20,연계과정 학생의 선발은 어떻게 이루어지나요?,"제6조(선발시기 및 선발방법) ① 연계과정 학생은 매학기 1회 선발함을 원칙으로 하며, 세부 일정은 대학원장이 따로 정한다.","제1편 학칙 및 설치근거_서울시립대학교 학사내규_제9장 재입학, 편입학 및 학사편입학_제58조(편입학자의 규정준용) 편입학시험에 관한 지원자격, 선발요령, 지원서류 등은 신입생 입학에 관한 규정을 준용한다.",0.5649526
21,연계과정 학생의 선발은 어떻게 이루어지나요?,"제6조(선발시기 및 선발방법) ① 연계과정 학생은 매학기 1회 선발함을 원칙으로 하며, 세부 일정은 대학원장이 따로 정한다.","제2편 학사행정 대학원_법학전문대학원 학칙_제2장 조직_제10조(입학전형공정관리대책위원회) ① 본 대학원에 공정한 입학전형과 입학전형에 관한 민원의 처리를 위해 입학전형공정관리대책위원회를 두며, 위원장을 포함하여 5인 내지 7인의 위원으로 구성한다.",0.5695474
22,연계과정 학생의 선발은 어떻게 이루어지나요?,"제6조(선발시기 및 선발방법) ① 연계과정 학생은 매학기 1회 선발함을 원칙으로 하며, 세부 일정은 대학원장이 따로 정한다.",제2편 학사행정 대학원_서울시립대학교 통합 대학원 학칙_제6장 학위수여_제43조(지도교수 및 논문지도위원회) ① 학생은 해당 대학원장이 정하는 절차에 따라 지도교수를 선정하여 수업 및 연구의 지도를 받아야 한다.,0.5707135
23,연계과정 학생의 선발은 어떻게 이루어지나요?,"제6조(선발시기 및 선발방법) ① 연계과정 학생은 매학기 1회 선발함을 원칙으로 하며, 세부 일정은 대학원장이 따로 정한다.",제2편 학사행정 대학원_세무전문대학원 시행세칙_제7장 연구과정_제79조(모집인원) 연구과정 모집인원은 전형시마다 그 지원자 수를 고려하여 대학원위원회가 정한다.,0.5829017
24,연계과정 학생의 선발은 어떻게 이루어지나요?,"제6조(선발시기 및 선발방법) ① 연계과정 학생은 매학기 1회 선발함을 원칙으로 하며, 세부 일정은 대학원장이 따로 정한다.","제2편 학사행정 대학원_도시행정대학원 고위도시정책과정 운영규정_제3장 모집과 전형방법_제9조(입학자격) 이 과정의 입학자격은 다음과 같다. 
1. 행정기관의 주요관리자
2. 국회의원
3. 지방의회의원
4. 법조인
5. 언론기관의 간부
6. 정부투자기관 및 기업체의 관리자
7. 군고급장교
8. 지역사회 각 분야의 지도급인사",0.5850067
25,연계과정 학생의 선발은 어떻게 이루어지나요?,"제6조(선발시기 및 선발방법) ① 연계과정 학생은 매학기 1회 선발함을 원칙으로 하며, 세부 일정은 대학원장이 따로 정한다.",제2편 학사행정 대학원_법학전문대학원 학칙_제3장 입학_제21조(입학전형계획의 공표) ② 제1항에 따라 공표하는 입학전형계획에는 다음의 사항이 포함되어야 한다. 1. 공정한 학생선발의 절차 2. 입학전형자료의 종류 및 평가방법 3. 특별전형의 대상 및 기,0.58633757
26,연계과정 학생의 선발은 어떻게 이루어지나요?,"제6조(선발시기 및 선발방법) ① 연계과정 학생은 매학기 1회 선발함을 원칙으로 하며, 세부 일정은 대학원장이 따로 정한다.","제2편 학사행정 대학원_법학전문대학원 시행세칙_제3장 업무분장(개정 2019.12.20.)_제109조(학생담당) 학생담당은 다음의 업무를 담당한다. (개정 2019.12.20.)
 1. 학생지원업무 전반에 관한 사항
 2. 학생의 고충처리에 관한 사항
 3. 장학업무에 관한 사항
 4. 학생회활동 지원에 관한 사항
 5. 학생 후생복지업무에 관한 사항
 6. 학생 학술활동 지원에 관한 사항
 7. 홈페이지 유지 및 관리에 관한 사항(개정 2010. 2. 1)",0.59038067
27,연계과정 학생의 선발은 어떻게 이루어지나요?,"제6조(선발시기 및 선발방법) ① 연계과정 학생은 매학기 1회 선발함을 원칙으로 하며, 세부 일정은 대학원장이 따로 정한다.","제2편 학사행정 대학원_과학기술대학원 시행세칙_제1장 총칙_제4조(교육과정) ③ 논문과정, 비논문과정의 변경을 원하는 학생은 지도교수와 주임교수의 승인을 받아 매 학기 대학원장이 정한 기간에 변경원을 대학원에 제출하여야 한다.",0.5961566
28,연계과정 학생의 선발은 어떻게 이루어지나요?,"제6조(선발시기 및 선발방법) ① 연계과정 학생은 매학기 1회 선발함을 원칙으로 하며, 세부 일정은 대학원장이 따로 정한다.",제1편 학칙 및 설치근거_서울시립대학교 학칙_제7장 입학(편입학·재입학·전과 포함)_제45조의2(시간제 등록생의 선발) ② 시간제등록생의 등록인원은 모집단위 입학정원의 100분의 10의 범위 내에서 총장이 정한다.,0.5964253
29,연계과정 학생의 선발은 어떻게 이루어지나요?,"제6조(선발시기 및 선발방법) ① 연계과정 학생은 매학기 1회 선발함을 원칙으로 하며, 세부 일정은 대학원장이 따로 정한다.","제2편 학사행정 대학원_도시보건대학원 시행세칙_제2장 입학 및 학적관리
제1절 입학_제16조(수업연한) 석사과정 학생은 최소 2년 6개월(5학기)의 수업연한동안 등록하여야 한다.",0.5974283
30,연계과정 학생의 선발은 어떻게 이루어지나요?,"제6조(선발시기 및 선발방법) ① 연계과정 학생은 매학기 1회 선발함을 원칙으로 하며, 세부 일정은 대학원장이 따로 정한다.",제1편 학칙 및 설치근거_서울시립대학교 학사내규_제2장 등록 및 수강신청_제2조(등록) ① 학생은 학칙 제51조제1항의 규정에 의하여 매학기 초 등록을 완료함으로써 재학생의 자격을 취득한다.,0.6031771
31,연계과정 학생의 선발은 어떻게 이루어지나요?,"제6조(선발시기 및 선발방법) ① 연계과정 학생은 매학기 1회 선발함을 원칙으로 하며, 세부 일정은 대학원장이 따로 정한다.","제4편 일반행정_입학사정관 인사관리 시행세칙_제5조(채용 분야 및 자격) ② 입학사정관은 다음 각 호의 요건을 충족하여야 하며 직급별 채용자격기준은 [별표 1]과 같다.(2012.2.24., 2018.2.1.)1. 국내ㆍ외 4년제 대학 학사학위 이상 소지자 2. 처장이 입학사정관 운용에 필요하여 정한 구체적인 자격요건을 충족하는 자 <개정 2014.4.14, 2018.2.1.> 3. 지방공무원법 제31조 각 호의 1에 저촉되지 않는 자(2012.2.24., 2018.2.1.",0.6037836
32,연계과정 학생의 선발은 어떻게 이루어지나요?,"제6조(선발시기 및 선발방법) ① 연계과정 학생은 매학기 1회 선발함을 원칙으로 하며, 세부 일정은 대학원장이 따로 정한다.","제2편 학사행정 대학원_교육대학원 시행세칙_제4장 교육과정
제1절 교과목의 이수_제22조(본교외 교육대학원과 학점교류) ② 타교 교육대학원에서 수강하여 이수할 수 있는 교류학점15p은 대학원위원회의 결정에 따른다.",0.60581064
33,연계과정 학생의 선발은 어떻게 이루어지나요?,"제6조(선발시기 및 선발방법) ① 연계과정 학생은 매학기 1회 선발함을 원칙으로 하며, 세부 일정은 대학원장이 따로 정한다.",제2편 학사행정 대학원_과학기술대학원 시행세칙_제5장 학위수여_제27조(지도교수) ① 대학원에 재학하는 학생은 제3학기 시작 후 1개월 이내에 학위논문 지도교수의 동의와 대학원장의 승인을 받아 별도의 절차에 따라 지도교수 선정을 완료하여야 한다.,0.6059005
34,연계과정 학생의 선발은 어떻게 이루어지나요?,"제6조(선발시기 및 선발방법) ① 연계과정 학생은 매학기 1회 선발함을 원칙으로 하며, 세부 일정은 대학원장이 따로 정한다.","제2편 학사행정 대학원_교육대학원 시행세칙_제4장 교육과정
제1절 교과목의 이수_제35조(학위논문 지도교수) ① 대학원에 재학하는 학생은 입학한 후 2학기 이내에 학위논문 지도교수의 동의와 대학원장의 승인을 받아 지도교수 선정을 완료하여야 한다.",0.60591507
35,연계과정 학생의 선발은 어떻게 이루어지나요?,"제6조(선발시기 및 선발방법) ① 연계과정 학생은 매학기 1회 선발함을 원칙으로 하며, 세부 일정은 대학원장이 따로 정한다.",제2편 학사행정 대학원_서울시립대학교 국제도시과학대학원 시행세칙_제1장 총 칙_제6조(입학배정인원) ② 각 학과별 입학배정인원은 대학원위원회에서 정한다.,0.6084986
36,연계과정 학생의 선발은 어떻게 이루어지나요?,"제6조(선발시기 및 선발방법) ① 연계과정 학생은 매학기 1회 선발함을 원칙으로 하며, 세부 일정은 대학원장이 따로 정한다.","제2편 학사행정 대학원_법학전문대학원 학칙_제2장 조직_제11조(교육과정심의위원회) ① 본 대학원에 교육과정에 관한 사항을 심의하기 위해 교육과정심의위원회를 두며, 위원장을 포함하여 5인 내지 9인의 위원으로 구성한다.",0.6128893
37,연계과정 학생의 선발은 어떻게 이루어지나요?,"제6조(선발시기 및 선발방법) ① 연계과정 학생은 매학기 1회 선발함을 원칙으로 하며, 세부 일정은 대학원장이 따로 정한다.","제2편 학사행정 대학원_교육대학원 시행세칙_제4장 교육과정
제1절 교과목의 이수_제22조(본교외 교육대학원과 학점교류) ① 학생은 본교와 학점교류협정을 체결한 타교 교육대학원에서 학점교류 대상 교과목을 이수하여 학점을 취득할 수 있다.",0.617126
38,연계과정 학생의 선발은 어떻게 이루어지나요?,"제6조(선발시기 및 선발방법) ① 연계과정 학생은 매학기 1회 선발함을 원칙으로 하며, 세부 일정은 대학원장이 따로 정한다.","제2편 학사행정 대학원_서울시립대학교 통합 대학원 학칙_제6장 학위수여_제40조(학위청구자격과 학위논문) ① 학위를 청구하려는 재학생 또는 대학원연구생은 다음 각 호의 요건을 갖추어야 한다. 1. 교육과정에서 정한 수료를 위한 최저이수학점 이상 취득 2. 연구윤리서약서와 각 대학원장이 인정하는 연구윤리교육 이수증 제출 3. 종합시험 합격 4. 외국어시험 합격. 다만, 특수대학원은 외국어시험 부과 여부를 각 대학원 시행세칙으로 따로 정할 수 있음 5. 기타 소속 대학원과 학과가 시행세칙으로 정한 요건",0.6219411
39,연계과정 학생의 선발은 어떻게 이루어지나요?,"제6조(선발시기 및 선발방법) ① 연계과정 학생은 매학기 1회 선발함을 원칙으로 하며, 세부 일정은 대학원장이 따로 정한다.","제2편 학사행정 대학원_세무전문대학원 시행세칙_제2장 입학
제1절 학위과정 입학전형_제12조(지원구비서류 및 전형료) ③ 지원자는 본 대학원이 정한 소정의 입학전형료를 납부하여야 한다.",0.6228819
40,연계과정 학생의 선발은 어떻게 이루어지나요?,"제6조(선발시기 및 선발방법) ① 연계과정 학생은 매학기 1회 선발함을 원칙으로 하며, 세부 일정은 대학원장이 따로 정한다.","제2편 학사행정 대학원_도시과학대학원시행세칙_제4장 교육과정
제1절 교과목의 이수_제18조(교과목 편성과 이수) ④ 그 밖에 학생이 이수하여야 할 교육과정과 이수방법 등에 관한 세부사항은 대학원위원회의 심의를 거쳐 대학원장이 정한다",0.6231699
41,연계과정 학생의 선발은 어떻게 이루어지나요?,"제6조(선발시기 및 선발방법) ① 연계과정 학생은 매학기 1회 선발함을 원칙으로 하며, 세부 일정은 대학원장이 따로 정한다.",제1편 학칙 및 설치근거_서울시립대학교 학칙_제3장 집행조직_제26조의20(고시반) ① 본교 학생들의 국가고시 및 자격고시 응시 지원 등을 위하여 학생처에 고시반을 둔다.,0.6232128
42,연계과정 학생의 선발은 어떻게 이루어지나요?,"제6조(선발시기 및 선발방법) ① 연계과정 학생은 매학기 1회 선발함을 원칙으로 하며, 세부 일정은 대학원장이 따로 정한다.",제2편 학사행정 대학원_교육대학원 시행세칙_제3장 등록_제16조(대학원연구생 등록) ① 학칙의 규정에 따라 학위를 취득하고자 하는 대학원 수료생은 다음 각 호의 어느 하나에 해당할 경우에는 반드시 대학원연구생으로 등록을 하여야 한다. 1. 학위청구논문을 제출하고자 하는 학기 2. 학교의 도서관·실험실 등 제반시설물을 이용하고자 하는 학기 3. 외국어시험 및 종합시험에 응시하고자 하는 학기 4. 학위취득을 위해 추가 학점을 취득하고자 하는 학기 5. 논문·비논문 변경 신청서를 제출하고자 하는 학기,0.6271477
43,연계과정 학생의 선발은 어떻게 이루어지나요?,"제6조(선발시기 및 선발방법) ① 연계과정 학생은 매학기 1회 선발함을 원칙으로 하며, 세부 일정은 대학원장이 따로 정한다.","제2편 학사행정 대학원_세무전문대학원 시행세칙_제4장 교육과정
제1절 교과목의 이수_제34조(타 대학원과 학점교류) ② 본 대학원 학생은 본교와 학점교류협정을 체결한 타 대학 대학원에서 학점교류 대상 교과목을 이수하여 학점을 취득할 수 있다.",0.627424
44,연계과정 학생의 선발은 어떻게 이루어지나요?,"제6조(선발시기 및 선발방법) ① 연계과정 학생은 매학기 1회 선발함을 원칙으로 하며, 세부 일정은 대학원장이 따로 정한다.",제2편 학사행정 대학원_세무전문대학원 시행세칙_제7장 연구과정_제92조(입학전형) 계약학과의 입학전형은 대학원위원회가 정한 특별전형으로 한다.,0.63030887
45,연계과정 학생의 선발은 어떻게 이루어지나요?,"제6조(선발시기 및 선발방법) ① 연계과정 학생은 매학기 1회 선발함을 원칙으로 하며, 세부 일정은 대학원장이 따로 정한다.","제2편 학사행정 대학원_과학기술대학원 시행세칙_제2장 입학 및 학적관리_제8조(입학전형·사정) ② 일반전형은 서류심사와 구술심사로 구성하고, 배점은 각 100점으로 하되, 구체적인 기준은 대학원위원회에서 정한다.",0.6303339
46,연계과정 학생의 선발은 어떻게 이루어지나요?,"제6조(선발시기 및 선발방법) ① 연계과정 학생은 매학기 1회 선발함을 원칙으로 하며, 세부 일정은 대학원장이 따로 정한다.","제3편 위원회_서울시립대학교 대학입학전형공정관리대책위원회규정_제4조(위원회 기능) 위원회는 다음 사항을 심의하고 관리한다.
1. 부정입학 방지대책에 관한 사항
2. 입학전형의 주요 과정 감시 및 자체 감사
3. 기타 입학전형공정관리에 관한 사항",0.63132215
47,연계과정 학생의 선발은 어떻게 이루어지나요?,"제6조(선발시기 및 선발방법) ① 연계과정 학생은 매학기 1회 선발함을 원칙으로 하며, 세부 일정은 대학원장이 따로 정한다.","제2편 학사행정 대학원_법학전문대학원 학칙_제2장 조직_제9조(입학전형위원회) ① 본 대학원에 입학전형에 관한 업무를 담당할 입학전형위원회를 두며, 위원장을 포함하여 5인 내지 7인의 위원으로 구성한다.",0.63491774
48,연계과정 학생의 선발은 어떻게 이루어지나요?,"제6조(선발시기 및 선발방법) ① 연계과정 학생은 매학기 1회 선발함을 원칙으로 하며, 세부 일정은 대학원장이 따로 정한다.","제2편 학사행정 학생관련행정_학생생활지도규정_제3장 학생회의 조직과 운영_제6조(조직 및 운영) ② 학생회 조직 및 운영에 관하여 필요한 사항은 학생회에서 학생회칙으로 정하되, 학칙 및 관계규정을 준수하여야 한다",0.63593817
49,연계과정 학생의 선발은 어떻게 이루어지나요?,"제6조(선발시기 및 선발방법) ① 연계과정 학생은 매학기 1회 선발함을 원칙으로 하며, 세부 일정은 대학원장이 따로 정한다.","제2편 학사행정 대학원_과학기술대학원 시행세칙_제2장 입학 및 학적관리_제9조(심사위원) ① 각 학과의 입학전형 심사위원은 2명으로 하고, 각 학과의 전임교수 중에서 주임교수가 추천하고 대학원장이 위촉한다.",0.6361208
